state,district,month,age_0_5,age_5_17,age_18_plus,total
Delhi,Central Delhi,2025-03,0,2018,2872,4890
Delhi,Central Delhi,2025-04,0,5628,5728,11356
Delhi,Central Delhi,2025-05,0,5276,8060,13336
Delhi,Central Delhi,2025-06,0,2423,4540,6963
Delhi,Central Delhi,2025-07,0,2125,4285,6410
Delhi,Central Delhi,2025-08,0,1640,3154,4794
Delhi,Central Delhi,2025-09,0,2571,3836,6407
Delhi,Central Delhi,2025-10,0,1673,2768,4441
Delhi,Central Delhi,2025-11,0,1779,2534,4313
Delhi,Central Delhi,2025-12,0,2468,2699,5167
Delhi,Central Delhi,2026-01,0,533,732,1265
Delhi,East Delhi,2025-03,0,7895,12081,19976
Delhi,East Delhi,2025-04,0,11593,9661,21254
Delhi,East Delhi,2025-05,0,7784,12162,19946
Delhi,East Delhi,2025-06,0,5313,10447,15760
Delhi,East Delhi,2025-07,0,4902,9666,14568
Delhi,East Delhi,2025-08,0,4861,6830,11691
Delhi,East Delhi,2025-09,0,7662,9414,17076
Delhi,East Delhi,2025-10,0,4473,7013,11486
Delhi,East Delhi,2025-11,0,3469,5399,8868
Delhi,East Delhi,2025-12,0,7143,7480,14623
Delhi,East Delhi,2026-01,0,1144,1218,2362
Delhi,Najafgarh,2025-04,0,20,418,438
Delhi,Najafgarh,2025-05,0,30,359,389
Delhi,Najafgarh,2025-06,0,6,102,108
Delhi,Najafgarh,2025-07,0,0,114,114
Delhi,Najafgarh,2025-08,0,2,123,125
Delhi,Najafgarh,2025-09,0,5,114,119
Delhi,Najafgarh,2025-10,0,4,79,83
Delhi,Najafgarh,2025-11,0,9,75,84
Delhi,Najafgarh,2025-12,0,6,94,100
Delhi,Najafgarh,2026-01,0,0,10,10
Delhi,New Delhi,2025-03,0,422,270,692
Delhi,New Delhi,2025-04,0,992,618,1610
Delhi,New Delhi,2025-05,0,365,359,724
Delhi,New Delhi,2025-06,0,202,377,579
Delhi,New Delhi,2025-07,0,218,406,624
Delhi,New Delhi,2025-08,0,170,227,397
Delhi,New Delhi,2025-09,0,365,325,690
Delhi,New Delhi,2025-10,0,200,293,493
Delhi,New Delhi,2025-11,0,203,279,482
Delhi,New Delhi,2025-12,0,321,314,635
Delhi,New Delhi,2026-01,0,55,39,94
Delhi,North Delhi,2025-03,0,2556,4420,6976
Delhi,North Delhi,2025-04,0,4752,4834,9586
Delhi,North Delhi,2025-05,0,3107,4907,8014
Delhi,North Delhi,2025-06,0,2112,4413,6525
Delhi,North Delhi,2025-07,0,2306,5045,7351
Delhi,North Delhi,2025-08,0,2233,3738,5971
Delhi,North Delhi,2025-09,0,3561,4918,8479
Delhi,North Delhi,2025-10,0,1754,3042,4796
Delhi,North Delhi,2025-11,0,1891,3002,4893
Delhi,North Delhi,2025-12,0,3582,3915,7497
Delhi,North Delhi,2026-01,0,140,172,312
Delhi,North East,2025-03,0,162,3786,3948
Delhi,North East,2025-04,0,974,21291,22265
Delhi,North East,2025-05,0,96,2482,2578
Delhi,North East,2025-06,0,201,4327,4528
Delhi,North East,2025-07,0,201,4121,4322
Delhi,North East,2025-08,0,210,4246,4456
Delhi,North East,2025-09,0,316,4592,4908
Delhi,North East,2025-10,0,128,2522,2650
Delhi,North East,2025-11,0,165,2574,2739
Delhi,North East,2025-12,0,217,3202,3419
Delhi,North East,2026-01,0,37,445,482
Delhi,North East   *,2025-06,0,0,2,2
Delhi,North East   *,2025-09,0,0,1,1
Delhi,North East Delhi,2025-03,0,12208,11804,24012
Delhi,North East Delhi,2025-04,0,21540,14778,36318
Delhi,North East Delhi,2025-05,0,16101,16086,32187
Delhi,North East Delhi,2025-06,0,6815,8949,15764
Delhi,North East Delhi,2025-07,0,6589,7892,14481
Delhi,North East Delhi,2025-08,0,6906,7361,14267
Delhi,North East Delhi,2025-09,0,9150,8987,18137
Delhi,North East Delhi,2025-10,0,6266,7508,13774
Delhi,North East Delhi,2025-11,0,4922,5951,10873
Delhi,North East Delhi,2025-12,0,9742,7206,16948
Delhi,North East Delhi,2026-01,0,555,470,1025
Delhi,North West Delhi,2025-03,0,24983,48938,73921
Delhi,North West Delhi,2025-04,0,34023,47942,81965
Delhi,North West Delhi,2025-05,0,18427,32759,51186
Delhi,North West Delhi,2025-06,0,11926,24516,36442
Delhi,North West Delhi,2025-07,0,11362,22781,34143
Delhi,North West Delhi,2025-08,0,11154,19791,30945
Delhi,North West Delhi,2025-09,0,19782,25686,45468
Delhi,North West Delhi,2025-10,0,9550,16199,25749
Delhi,North West Delhi,2025-11,0,10063,15245,25308
Delhi,North West Delhi,2025-12,0,17692,20268,37960
Delhi,North West Delhi,2026-01,0,1471,1938,3409
Delhi,Shahdara,2025-03,0,292,608,900
Delhi,Shahdara,2025-04,0,523,810,1333
Delhi,Shahdara,2025-05,0,304,797,1101
Delhi,Shahdara,2025-06,0,387,938,1325
Delhi,Shahdara,2025-07,0,355,890,1245
Delhi,Shahdara,2025-08,0,203,613,816
Delhi,Shahdara,2025-09,0,245,784,1029
Delhi,Shahdara,2025-10,0,158,665,823
Delhi,Shahdara,2025-11,0,179,611,790
Delhi,Shahdara,2025-12,0,317,1005,1322
Delhi,Shahdara,2026-01,0,32,50,82
Delhi,South Delhi,2025-03,0,12687,17817,30504
Delhi,South Delhi,2025-04,0,23976,28631,52607
Delhi,South Delhi,2025-05,0,15578,24348,39926
Delhi,South Delhi,2025-06,0,8507,15625,24132
Delhi,South Delhi,2025-07,0,7860,14432,22292
Delhi,South Delhi,2025-08,0,7638,12513,20151
Delhi,South Delhi,2025-09,0,10769,14684,25453
Delhi,South Delhi,2025-10,0,6569,11125,17694
Delhi,South Delhi,2025-11,0,7772,10585,18357
Delhi,South Delhi,2025-12,0,8456,9700,18156
Delhi,South Delhi,2026-01,0,1283,1222,2505
Delhi,South East Delhi,2025-03,0,19,40,59
Delhi,South East Delhi,2025-04,0,58,61,119
Delhi,South East Delhi,2025-05,0,54,70,124
Delhi,South East Delhi,2025-06,0,51,115,166
Delhi,South East Delhi,2025-07,0,59,170,229
Delhi,South East Delhi,2025-08,0,21,40,61
Delhi,South East Delhi,2025-09,0,36,118,154
Delhi,South East Delhi,2025-10,0,27,136,163
Delhi,South East Delhi,2025-11,0,13,65,78
Delhi,South East Delhi,2025-12,0,8,114,122
Delhi,South East Delhi,2026-01,0,0,3,3
Delhi,South West Delhi,2025-03,0,6977,9969,16946
Delhi,South West Delhi,2025-04,0,13990,13530,27520
Delhi,South West Delhi,2025-05,0,11468,14753,26221
Delhi,South West Delhi,2025-06,0,6117,10252,16369
Delhi,South West Delhi,2025-07,0,5873,10336,16209
Delhi,South West Delhi,2025-08,0,6185,8998,15183
Delhi,South West Delhi,2025-09,0,8928,9911,18839
Delhi,South West Delhi,2025-10,0,4471,7076,11547
Delhi,South West Delhi,2025-11,0,4714,6338,11052
Delhi,South West Delhi,2025-12,0,8065,7544,15609
Delhi,South West Delhi,2026-01,0,1169,905,2074
Delhi,West Delhi,2025-03,0,14994,26620,41614
Delhi,West Delhi,2025-04,0,23695,34601,58296
Delhi,West Delhi,2025-05,0,8548,15718,24266
Delhi,West Delhi,2025-06,0,6340,12340,18680
Delhi,West Delhi,2025-07,0,6422,12267,18689
Delhi,West Delhi,2025-08,0,6560,11680,18240
Delhi,West Delhi,2025-09,0,9405,13275,22680
Delhi,West Delhi,2025-10,0,4284,7182,11466
Delhi,West Delhi,2025-11,0,5106,7395,12501
Delhi,West Delhi,2025-12,0,10046,9927,19973
Delhi,West Delhi,2026-01,0,914,898,1812
Maharashtra,Ahilyanagar,2025-05,0,2,24,26
Maharashtra,Ahilyanagar,2025-06,0,5,76,81
Maharashtra,Ahilyanagar,2025-07,0,12,113,125
Maharashtra,Ahilyanagar,2025-08,0,3,80,83
Maharashtra,Ahilyanagar,2025-09,0,14,85,99
Maharashtra,Ahilyanagar,2025-10,0,14,111,125
Maharashtra,Ahilyanagar,2025-11,0,19,299,318
Maharashtra,Ahilyanagar,2025-12,0,88,1216,1304
Maharashtra,Ahilyanagar,2026-01,0,0,10,10
Maharashtra,Ahmadnagar,2025-03,0,6261,18017,24278
Maharashtra,Ahmadnagar,2025-04,0,6360,13604,19964
Maharashtra,Ahmadnagar,2025-05,0,14967,30405,45372
Maharashtra,Ahmadnagar,2025-06,0,10907,25170,36077
Maharashtra,Ahmadnagar,2025-07,0,13406,25390,38796
Maharashtra,Ahmadnagar,2025-08,0,9309,17152,26461
Maharashtra,Ahmadnagar,2025-09,0,65071,19730,84801
Maharashtra,Ahmadnagar,2025-10,0,24937,32549,57486
Maharashtra,Ahmadnagar,2025-11,0,24795,36485,61280
Maharashtra,Ahmadnagar,2025-12,0,15936,20375,36311
Maharashtra,Ahmadnagar,2026-01,0,2110,2570,4680
Maharashtra,Ahmed Nagar,2025-03,0,15,170,185
Maharashtra,Ahmed Nagar,2025-04,0,12,145,157
Maharashtra,Ahmed Nagar,2025-05,0,92,665,757
Maharashtra,Ahmed Nagar,2025-06,0,97,991,1088
Maharashtra,Ahmed Nagar,2025-07,0,103,960,1063
Maharashtra,Ahmed Nagar,2025-08,0,86,662,748
Maharashtra,Ahmed Nagar,2025-09,0,754,667,1421
Maharashtra,Ahmed Nagar,2025-10,0,307,1426,1733
Maharashtra,Ahmed Nagar,2025-11,0,234,1932,2166
Maharashtra,Ahmed Nagar,2025-12,0,103,943,1046
Maharashtra,Ahmed Nagar,2026-01,0,14,91,105
Maharashtra,Akola,2025-03,0,4358,15080,19438
Maharashtra,Akola,2025-04,0,3914,12689,16603
Maharashtra,Akola,2025-05,0,5833,18239,24072
Maharashtra,Akola,2025-06,0,6183,16866,23049
Maharashtra,Akola,2025-07,0,5911,13761,19672
Maharashtra,Akola,2025-08,0,3287,7741,11028
Maharashtra,Akola,2025-09,0,15063,12715,27778
Maharashtra,Akola,2025-10,0,5556,21725,27281
Maharashtra,Akola,2025-11,0,6466,24761,31227
Maharashtra,Akola,2025-12,0,4289,8230,12519
Maharashtra,Akola,2026-01,0,831,1527,2358
Maharashtra,Amravati,2025-03,0,7429,24319,31748
Maharashtra,Amravati,2025-04,0,3956,13563,17519
Maharashtra,Amravati,2025-05,0,11103,34078,45181
Maharashtra,Amravati,2025-06,0,10979,28841,39820
Maharashtra,Amravati,2025-07,0,10997,27755,38752
Maharashtra,Amravati,2025-08,0,5253,15934,21187
Maharashtra,Amravati,2025-09,0,31297,21191,52488
Maharashtra,Amravati,2025-10,0,10328,36596,46924
Maharashtra,Amravati,2025-11,0,16070,41898,57968
Maharashtra,Amravati,2025-12,0,7637,17879,25516
Maharashtra,Amravati,2026-01,0,860,2548,3408
Maharashtra,Aurangabad,2025-03,0,10854,20108,30962
Maharashtra,Aurangabad,2025-04,0,5863,13126,18989
Maharashtra,Aurangabad,2025-05,0,13127,32316,45443
Maharashtra,Aurangabad,2025-06,0,8613,20740,29353
Maharashtra,Aurangabad,2025-07,0,14713,25228,39941
Maharashtra,Aurangabad,2025-08,0,9265,17015,26280
Maharashtra,Aurangabad,2025-09,0,20548,21479,42027
Maharashtra,Aurangabad,2025-10,0,9095,30611,39706
Maharashtra,Aurangabad,2025-11,0,16341,37073,53414
Maharashtra,Aurangabad,2025-12,0,9689,14940,24629
Maharashtra,Aurangabad,2026-01,0,1690,2564,4254
Maharashtra,Beed,2025-03,0,8506,16200,24706
Maharashtra,Beed,2025-04,0,3067,7186,10253
Maharashtra,Beed,2025-05,0,11522,25292,36814
Maharashtra,Beed,2025-06,0,11451,20303,31754
Maharashtra,Beed,2025-07,0,11697,17887,29584
Maharashtra,Beed,2025-08,0,7212,11782,18994
Maharashtra,Beed,2025-09,0,38923,15213,54136
Maharashtra,Beed,2025-10,0,12291,21009,33300
Maharashtra,Beed,2025-11,0,18382,19297,37679
Maharashtra,Beed,2025-12,0,9951,10361,20312
Maharashtra,Beed,2026-01,0,1070,1333,2403
Maharashtra,Bhandara,2025-03,0,1662,5048,6710
Maharashtra,Bhandara,2025-04,0,1808,4920,6728
Maharashtra,Bhandara,2025-05,0,2406,8109,10515
Maharashtra,Bhandara,2025-06,0,3578,10327,13905
Maharashtra,Bhandara,2025-07,0,2401,5669,8070
Maharashtra,Bhandara,2025-08,0,1660,3868,5528
Maharashtra,Bhandara,2025-09,0,7728,6354,14082
Maharashtra,Bhandara,2025-10,0,3649,14469,18118
Maharashtra,Bhandara,2025-11,0,5397,11962,17359
Maharashtra,Bhandara,2025-12,0,2814,5486,8300
Maharashtra,Bhandara,2026-01,0,340,670,1010
Maharashtra,Bid,2025-05,0,70,1908,1978
Maharashtra,Bid,2025-06,0,66,2855,2921
Maharashtra,Bid,2025-07,0,52,2414,2466
Maharashtra,Bid,2025-08,0,52,1456,1508
Maharashtra,Bid,2025-09,0,230,1561,1791
Maharashtra,Bid,2025-10,0,84,3093,3177
Maharashtra,Bid,2025-11,0,67,2442,2509
Maharashtra,Bid,2025-12,0,43,1215,1258
Maharashtra,Bid,2026-01,0,8,217,225
Maharashtra,Buldana,2025-03,0,129,3081,3210
Maharashtra,Buldana,2025-04,0,72,876,948
Maharashtra,Buldana,2025-05,0,316,4836,5152
Maharashtra,Buldana,2025-06,0,142,3863,4005
Maharashtra,Buldana,2025-07,0,169,4736,4905
Maharashtra,Buldana,2025-08,0,143,3060,3203
Maharashtra,Buldana,2025-09,0,1063,3968,5031
Maharashtra,Buldana,2025-10,0,314,8058,8372
Maharashtra,Buldana,2025-11,0,462,7873,8335
Maharashtra,Buldana,2025-12,0,216,3204,3420
Maharashtra,Buldana,2026-01,0,31,498,529
Maharashtra,Buldhana,2025-03,0,6126,12248,18374
Maharashtra,Buldhana,2025-04,0,2801,7479,10280
Maharashtra,Buldhana,2025-05,0,8165,16903,25068
Maharashtra,Buldhana,2025-06,0,6764,14398,21162
Maharashtra,Buldhana,2025-07,0,9558,16270,25828
Maharashtra,Buldhana,2025-08,0,6166,9397,15563
Maharashtra,Buldhana,2025-09,0,29153,15772,44925
Maharashtra,Buldhana,2025-10,0,8212,24375,32587
Maharashtra,Buldhana,2025-11,0,11780,30724,42504
Maharashtra,Buldhana,2025-12,0,6893,10553,17446
Maharashtra,Buldhana,2026-01,0,1000,1443,2443
Maharashtra,Chandrapur,2025-03,0,8145,18025,26170
Maharashtra,Chandrapur,2025-04,0,4268,10693,14961
Maharashtra,Chandrapur,2025-05,0,7508,23106,30614
Maharashtra,Chandrapur,2025-06,0,6166,18584,24750
Maharashtra,Chandrapur,2025-07,0,5432,12433,17865
Maharashtra,Chandrapur,2025-08,0,2944,8441,11385
Maharashtra,Chandrapur,2025-09,0,9512,13204,22716
Maharashtra,Chandrapur,2025-10,0,4426,27954,32380
Maharashtra,Chandrapur,2025-11,0,11076,29269,40345
Maharashtra,Chandrapur,2025-12,0,8556,12120,20676
Maharashtra,Chandrapur,2026-01,0,766,1448,2214
Maharashtra,Chatrapati Sambhaji Nagar,2025-04,0,53,262,315
Maharashtra,Chatrapati Sambhaji Nagar,2025-05,0,33,283,316
Maharashtra,Chatrapati Sambhaji Nagar,2025-06,0,53,273,326
Maharashtra,Chatrapati Sambhaji Nagar,2025-07,0,54,315,369
Maharashtra,Chatrapati Sambhaji Nagar,2025-08,0,47,177,224
Maharashtra,Chatrapati Sambhaji Nagar,2025-09,0,60,210,270
Maharashtra,Chatrapati Sambhaji Nagar,2025-10,0,51,266,317
Maharashtra,Chatrapati Sambhaji Nagar,2025-11,0,84,284,368
Maharashtra,Chatrapati Sambhaji Nagar,2025-12,0,47,191,238
Maharashtra,Chatrapati Sambhaji Nagar,2026-01,0,8,20,28
Maharashtra,Chhatrapati Sambhajinagar,2025-03,0,15,106,121
Maharashtra,Chhatrapati Sambhajinagar,2025-04,0,30,131,161
Maharashtra,Chhatrapati Sambhajinagar,2025-05,0,269,1557,1826
Maharashtra,Chhatrapati Sambhajinagar,2025-06,0,334,2305,2639
Maharashtra,Chhatrapati Sambhajinagar,2025-07,0,393,2193,2586
Maharashtra,Chhatrapati Sambhajinagar,2025-08,0,128,1189,1317
Maharashtra,Chhatrapati Sambhajinagar,2025-09,0,209,1551,1760
Maharashtra,Chhatrapati Sambhajinagar,2025-10,0,160,1452,1612
Maharashtra,Chhatrapati Sambhajinagar,2025-11,0,252,2052,2304
Maharashtra,Chhatrapati Sambhajinagar,2025-12,0,134,1313,1447
Maharashtra,Chhatrapati Sambhajinagar,2026-01,0,11,38,49
Maharashtra,Dharashiv,2025-04,0,11,34,45
Maharashtra,Dharashiv,2025-05,0,53,460,513
Maharashtra,Dharashiv,2025-06,0,75,852,927
Maharashtra,Dharashiv,2025-07,0,79,762,841
Maharashtra,Dharashiv,2025-08,0,30,337,367
Maharashtra,Dharashiv,2025-09,0,47,515,562
Maharashtra,Dharashiv,2025-10,0,37,440,477
Maharashtra,Dharashiv,2025-11,0,50,621,671
Maharashtra,Dharashiv,2025-12,0,49,460,509
Maharashtra,Dharashiv,2026-01,0,4,8,12
Maharashtra,Dhule,2025-03,0,3653,10351,14004
Maharashtra,Dhule,2025-04,0,4482,11578,16060
Maharashtra,Dhule,2025-05,0,7195,16226,23421
Maharashtra,Dhule,2025-06,0,6314,11927,18241
Maharashtra,Dhule,2025-07,0,11549,16762,28311
Maharashtra,Dhule,2025-08,0,4520,9914,14434
Maharashtra,Dhule,2025-09,0,15715,14505,30220
Maharashtra,Dhule,2025-10,0,6744,21879,28623
Maharashtra,Dhule,2025-11,0,9587,18627,28214
Maharashtra,Dhule,2025-12,0,5300,8272,13572
Maharashtra,Dhule,2026-01,0,673,1119,1792
Maharashtra,Gadchiroli,2025-03,0,2343,9262,11605
Maharashtra,Gadchiroli,2025-04,0,1592,4223,5815
Maharashtra,Gadchiroli,2025-05,0,3576,9302,12878
Maharashtra,Gadchiroli,2025-06,0,5965,12870,18835
Maharashtra,Gadchiroli,2025-07,0,3715,8863,12578
Maharashtra,Gadchiroli,2025-08,0,2491,7156,9647
Maharashtra,Gadchiroli,2025-09,0,6253,9541,15794
Maharashtra,Gadchiroli,2025-10,0,4958,27554,32512
Maharashtra,Gadchiroli,2025-11,0,6643,20833,27476
Maharashtra,Gadchiroli,2025-12,0,4428,9333,13761
Maharashtra,Gadchiroli,2026-01,0,463,1035,1498
Maharashtra,Gondia,2025-05,0,3,65,68
Maharashtra,Gondia,2025-06,0,4,119,123
Maharashtra,Gondia,2025-07,0,2,148,150
Maharashtra,Gondia,2025-08,0,6,152,158
Maharashtra,Gondia,2025-09,0,21,150,171
Maharashtra,Gondia,2025-10,0,10,536,546
Maharashtra,Gondia,2025-11,0,2,466,468
Maharashtra,Gondia,2025-12,0,5,154,159
Maharashtra,Gondia,2026-01,0,0,14,14
Maharashtra,Gondiya,2025-03,0,5518,8792,14310
Maharashtra,Gondiya,2025-04,0,1896,3302,5198
Maharashtra,Gondiya,2025-05,0,3264,8693,11957
Maharashtra,Gondiya,2025-06,0,3045,6191,9236
Maharashtra,Gondiya,2025-07,0,3740,6017,9757
Maharashtra,Gondiya,2025-08,0,2419,4733,7152
Maharashtra,Gondiya,2025-09,0,8776,7821,16597
Maharashtra,Gondiya,2025-10,0,3159,13833,16992
Maharashtra,Gondiya,2025-11,0,4489,10599,15088
Maharashtra,Gondiya,2025-12,0,3369,5451,8820
Maharashtra,Gondiya,2026-01,0,394,598,992
Maharashtra,Gondiya *,2025-05,0,9,228,237
Maharashtra,Gondiya *,2025-06,0,5,293,298
Maharashtra,Gondiya *,2025-07,0,7,274,281
Maharashtra,Gondiya *,2025-08,0,6,244,250
Maharashtra,Gondiya *,2025-09,0,32,330,362
Maharashtra,Gondiya *,2025-10,0,11,641,652
Maharashtra,Gondiya *,2025-11,0,13,640,653
Maharashtra,Gondiya *,2025-12,0,5,304,309
Maharashtra,Gondiya *,2026-01,0,1,22,23
Maharashtra,Hingoli,2025-03,0,2459,6470,8929
Maharashtra,Hingoli,2025-04,0,2698,5283,7981
Maharashtra,Hingoli,2025-05,0,5007,11270,16277
Maharashtra,Hingoli,2025-06,0,3974,7509,11483
Maharashtra,Hingoli,2025-07,0,5253,9964,15217
Maharashtra,Hingoli,2025-08,0,3112,6500,9612
Maharashtra,Hingoli,2025-09,0,12150,9777,21927
Maharashtra,Hingoli,2025-10,0,3690,10949,14639
Maharashtra,Hingoli,2025-11,0,4972,12377,17349
Maharashtra,Hingoli,2025-12,0,6598,6510,13108
Maharashtra,Hingoli,2026-01,0,640,863,1503
Maharashtra,Hingoli *,2025-06,0,0,5,5
Maharashtra,Hingoli *,2025-07,0,0,3,3
Maharashtra,Hingoli *,2025-09,0,0,1,1
Maharashtra,Hingoli *,2025-10,0,1,7,8
Maharashtra,Hingoli *,2025-11,0,1,4,5
Maharashtra,Hingoli *,2025-12,0,0,3,3
Maharashtra,Hingoli *,2026-01,0,0,1,1
Maharashtra,Jalgaon,2025-03,0,11837,32014,43851
Maharashtra,Jalgaon,2025-04,0,9287,19513,28800
Maharashtra,Jalgaon,2025-05,0,17581,46035,63616
Maharashtra,Jalgaon,2025-06,0,12843,31567,44410
Maharashtra,Jalgaon,2025-07,0,19928,34154,54082
Maharashtra,Jalgaon,2025-08,0,9635,21726,31361
Maharashtra,Jalgaon,2025-09,0,29794,28094,57888
Maharashtra,Jalgaon,2025-10,0,11745,43152,54897
Maharashtra,Jalgaon,2025-11,0,24265,41723,65988
Maharashtra,Jalgaon,2025-12,0,16915,19223,36138
Maharashtra,Jalgaon,2026-01,0,1916,2695,4611
Maharashtra,Jalna,2025-03,0,4436,9648,14084
Maharashtra,Jalna,2025-04,0,1454,3882,5336
Maharashtra,Jalna,2025-05,0,6790,17632,24422
Maharashtra,Jalna,2025-06,0,5373,11848,17221
Maharashtra,Jalna,2025-07,0,11592,18963,30555
Maharashtra,Jalna,2025-08,0,7222,11702,18924
Maharashtra,Jalna,2025-09,0,17691,13400,31091
Maharashtra,Jalna,2025-10,0,5775,19614,25389
Maharashtra,Jalna,2025-11,0,11033,21027,32060
Maharashtra,Jalna,2025-12,0,6202,9192,15394
Maharashtra,Jalna,2026-01,0,1031,1545,2576
Maharashtra,Kolhapur,2025-03,0,7191,13857,21048
Maharashtra,Kolhapur,2025-04,0,11276,12250,23526
Maharashtra,Kolhapur,2025-05,0,11366,20706,32072
Maharashtra,Kolhapur,2025-06,0,8940,18588,27528
Maharashtra,Kolhapur,2025-07,0,11579,19408,30987
Maharashtra,Kolhapur,2025-08,0,7039,13980,21019
Maharashtra,Kolhapur,2025-09,0,30721,15509,46230
Maharashtra,Kolhapur,2025-10,0,9930,20550,30480
Maharashtra,Kolhapur,2025-11,0,13849,24315,38164
Maharashtra,Kolhapur,2025-12,0,9269,12574,21843
Maharashtra,Kolhapur,2026-01,0,1294,1697,2991
Maharashtra,Latur,2025-03,0,10715,23180,33895
Maharashtra,Latur,2025-04,0,4415,11790,16205
Maharashtra,Latur,2025-05,0,9706,38609,48315
Maharashtra,Latur,2025-06,0,6375,20777,27152
Maharashtra,Latur,2025-07,0,7173,17383,24556
Maharashtra,Latur,2025-08,0,5462,11520,16982
Maharashtra,Latur,2025-09,0,13532,14929,28461
Maharashtra,Latur,2025-10,0,6231,21257,27488
Maharashtra,Latur,2025-11,0,8343,23221,31564
Maharashtra,Latur,2025-12,0,5023,9131,14154
Maharashtra,Latur,2026-01,0,696,1333,2029
Maharashtra,Mumbai,2025-03,0,5936,25468,31404
Maharashtra,Mumbai,2025-04,0,8271,22110,30381
Maharashtra,Mumbai,2025-05,0,14917,36833,51750
Maharashtra,Mumbai,2025-06,0,8626,28276,36902
Maharashtra,Mumbai,2025-07,0,11190,33774,44964
Maharashtra,Mumbai,2025-08,0,5931,21000,26931
Maharashtra,Mumbai,2025-09,0,15515,28667,44182
Maharashtra,Mumbai,2025-10,0,13992,34534,48526
Maharashtra,Mumbai,2025-11,0,16687,48255,64942
Maharashtra,Mumbai,2025-12,0,13764,36181,49945
Maharashtra,Mumbai,2026-01,0,1617,4935,6552
Maharashtra,Mumbai City,2025-03,0,1700,2194,3894
Maharashtra,Mumbai City,2025-04,0,1527,1336,2863
Maharashtra,Mumbai City,2025-05,0,2796,3126,5922
Maharashtra,Mumbai City,2025-06,0,2095,2923,5018
Maharashtra,Mumbai City,2025-07,0,2596,3248,5844
Maharashtra,Mumbai City,2025-08,0,1486,1653,3139
Maharashtra,Mumbai City,2025-09,0,4040,2049,6089
Maharashtra,Mumbai City,2025-10,0,3989,2202,6191
Maharashtra,Mumbai City,2025-11,0,5868,3115,8983
Maharashtra,Mumbai City,2025-12,0,4259,2245,6504
Maharashtra,Mumbai City,2026-01,0,542,281,823
Maharashtra,Mumbai Suburban,2025-03,0,5683,8028,13711
Maharashtra,Mumbai Suburban,2025-04,0,5399,5618,11017
Maharashtra,Mumbai Suburban,2025-05,0,10682,11725,22407
Maharashtra,Mumbai Suburban,2025-06,0,6685,9200,15885
Maharashtra,Mumbai Suburban,2025-07,0,10087,11601,21688
Maharashtra,Mumbai Suburban,2025-08,0,6831,7007,13838
Maharashtra,Mumbai Suburban,2025-09,0,15305,9101,24406
Maharashtra,Mumbai Suburban,2025-10,0,13692,9996,23688
Maharashtra,Mumbai Suburban,2025-11,0,19512,11352,30864
Maharashtra,Mumbai Suburban,2025-12,0,12622,8370,20992
Maharashtra,Mumbai Suburban,2026-01,0,2023,1039,3062
Maharashtra,Mumbai( Sub Urban ),2025-05,0,57,720,777
Maharashtra,Mumbai( Sub Urban ),2025-06,0,45,1064,1109
Maharashtra,Mumbai( Sub Urban ),2025-07,0,36,1190,1226
Maharashtra,Mumbai( Sub Urban ),2025-08,0,24,788,812
Maharashtra,Mumbai( Sub Urban ),2025-09,0,75,970,1045
Maharashtra,Mumbai( Sub Urban ),2025-10,0,60,1265,1325
Maharashtra,Mumbai( Sub Urban ),2025-11,0,50,2007,2057
Maharashtra,Mumbai( Sub Urban ),2025-12,0,109,1336,1445
Maharashtra,Mumbai( Sub Urban ),2026-01,0,7,166,173
Maharashtra,Nagpur,2025-03,0,9714,26019,35733
Maharashtra,Nagpur,2025-04,0,7738,21353,29091
Maharashtra,Nagpur,2025-05,0,15431,37485,52916
Maharashtra,Nagpur,2025-06,0,9982,26316,36298
Maharashtra,Nagpur,2025-07,0,10027,25695,35722
Maharashtra,Nagpur,2025-08,0,6521,17072,23593
Maharashtra,Nagpur,2025-09,0,19325,22399,41724
Maharashtra,Nagpur,2025-10,0,12959,34582,47541
Maharashtra,Nagpur,2025-11,0,17677,39353,57030
Maharashtra,Nagpur,2025-12,0,9184,17539,26723
Maharashtra,Nagpur,2026-01,0,1400,2587,3987
Maharashtra,Nanded,2025-03,0,13863,23936,37799
Maharashtra,Nanded,2025-04,0,8992,13883,22875
Maharashtra,Nanded,2025-05,0,11405,39464,50869
Maharashtra,Nanded,2025-06,0,11695,28050,39745
Maharashtra,Nanded,2025-07,0,12116,28272,40388
Maharashtra,Nanded,2025-08,0,7113,16635,23748
Maharashtra,Nanded,2025-09,0,25037,22114,47151
Maharashtra,Nanded,2025-10,0,10437,41324,51761
Maharashtra,Nanded,2025-11,0,17476,32406,49882
Maharashtra,Nanded,2025-12,0,11184,14559,25743
Maharashtra,Nanded,2026-01,0,1545,2107,3652
Maharashtra,Nandurbar,2025-03,0,5181,10881,16062
Maharashtra,Nandurbar,2025-04,0,2795,5192,7987
Maharashtra,Nandurbar,2025-05,0,9683,24872,34555
Maharashtra,Nandurbar,2025-06,0,11526,17542,29068
Maharashtra,Nandurbar,2025-07,0,12061,21050,33111
Maharashtra,Nandurbar,2025-08,0,4761,12017,16778
Maharashtra,Nandurbar,2025-09,0,9567,16814,26381
Maharashtra,Nandurbar,2025-10,0,7259,32144,39403
Maharashtra,Nandurbar,2025-11,0,6007,17710,23717
Maharashtra,Nandurbar,2025-12,0,5110,7769,12879
Maharashtra,Nandurbar,2026-01,0,500,988,1488
Maharashtra,Nandurbar *,2025-05,0,0,269,269
Maharashtra,Nandurbar *,2025-06,0,1,298,299
Maharashtra,Nandurbar *,2025-07,0,8,576,584
Maharashtra,Nandurbar *,2025-08,0,0,324,324
Maharashtra,Nandurbar *,2025-09,0,12,390,402
Maharashtra,Nandurbar *,2025-10,0,3,938,941
Maharashtra,Nandurbar *,2025-11,0,3,650,653
Maharashtra,Nandurbar *,2025-12,0,2,289,291
Maharashtra,Nandurbar *,2026-01,0,0,28,28
Maharashtra,Nashik,2025-03,0,18186,42068,60254
Maharashtra,Nashik,2025-04,0,8919,20335,29254
Maharashtra,Nashik,2025-05,0,22888,51623,74511
Maharashtra,Nashik,2025-06,0,19721,37825,57546
Maharashtra,Nashik,2025-07,0,27990,50269,78259
Maharashtra,Nashik,2025-08,0,15400,31644,47044
Maharashtra,Nashik,2025-09,0,49550,39385,88935
Maharashtra,Nashik,2025-10,0,24625,57974,82599
Maharashtra,Nashik,2025-11,0,27407,69335,96742
Maharashtra,Nashik,2025-12,0,18899,31930,50829
Maharashtra,Nashik,2026-01,0,2745,4712,7457
Maharashtra,Osmanabad,2025-03,0,6268,8393,14661
Maharashtra,Osmanabad,2025-04,0,3862,6549,10411
Maharashtra,Osmanabad,2025-05,0,7198,17380,24578
Maharashtra,Osmanabad,2025-06,0,6795,14797,21592
Maharashtra,Osmanabad,2025-07,0,7435,12784,20219
Maharashtra,Osmanabad,2025-08,0,3207,7018,10225
Maharashtra,Osmanabad,2025-09,0,9488,6635,16123
Maharashtra,Osmanabad,2025-10,0,5212,12226,17438
Maharashtra,Osmanabad,2025-11,0,11098,13880,24978
Maharashtra,Osmanabad,2025-12,0,6797,6918,13715
Maharashtra,Osmanabad,2026-01,0,599,821,1420
Maharashtra,Palghar,2025-03,0,5915,5982,11897
Maharashtra,Palghar,2025-04,0,4546,5374,9920
Maharashtra,Palghar,2025-05,0,9949,11252,21201
Maharashtra,Palghar,2025-06,0,6905,8120,15025
Maharashtra,Palghar,2025-07,0,8523,9661,18184
Maharashtra,Palghar,2025-08,0,5645,6445,12090
Maharashtra,Palghar,2025-09,0,16324,8591,24915
Maharashtra,Palghar,2025-10,0,10831,9591,20422
Maharashtra,Palghar,2025-11,0,15551,11581,27132
Maharashtra,Palghar,2025-12,0,10017,6875,16892
Maharashtra,Palghar,2026-01,0,1695,915,2610
Maharashtra,Parbhani,2025-03,0,11182,12153,23335
Maharashtra,Parbhani,2025-04,0,3739,6028,9767
Maharashtra,Parbhani,2025-05,0,7332,17645,24977
Maharashtra,Parbhani,2025-06,0,6295,12345,18640
Maharashtra,Parbhani,2025-07,0,9417,16810,26227
Maharashtra,Parbhani,2025-08,0,5106,10135,15241
Maharashtra,Parbhani,2025-09,0,17040,9994,27034
Maharashtra,Parbhani,2025-10,0,7556,17533,25089
Maharashtra,Parbhani,2025-11,0,13045,16076,29121
Maharashtra,Parbhani,2025-12,0,5307,7797,13104
Maharashtra,Parbhani,2026-01,0,804,1205,2009
Maharashtra,Pune,2025-03,0,22535,41056,63591
Maharashtra,Pune,2025-04,0,16095,22109,38204
Maharashtra,Pune,2025-05,0,33911,46943,80854
Maharashtra,Pune,2025-06,0,21940,36745,58685
Maharashtra,Pune,2025-07,0,30752,45488,76240
Maharashtra,Pune,2025-08,0,19645,28983,48628
Maharashtra,Pune,2025-09,0,43782,32136,75918
Maharashtra,Pune,2025-10,0,28352,42962,71314
Maharashtra,Pune,2025-11,0,44095,52357,96452
Maharashtra,Pune,2025-12,0,34421,33245,67666
Maharashtra,Pune,2026-01,0,5007,4776,9783
Maharashtra,Raigad,2025-03,0,214,919,1133
Maharashtra,Raigad,2025-04,0,194,692,886
Maharashtra,Raigad,2025-05,0,373,1727,2100
Maharashtra,Raigad,2025-06,0,399,2316,2715
Maharashtra,Raigad,2025-07,0,637,2691,3328
Maharashtra,Raigad,2025-08,0,350,1282,1632
Maharashtra,Raigad,2025-09,0,832,1734,2566
Maharashtra,Raigad,2025-10,0,598,2176,2774
Maharashtra,Raigad,2025-11,0,1282,2611,3893
Maharashtra,Raigad,2025-12,0,713,1544,2257
Maharashtra,Raigad,2026-01,0,111,157,268
Maharashtra,Raigarh,2025-03,0,5293,7347,12640
Maharashtra,Raigarh,2025-04,0,3120,5018,8138
Maharashtra,Raigarh,2025-05,0,7287,11026,18313
Maharashtra,Raigarh,2025-06,0,6465,11430,17895
Maharashtra,Raigarh,2025-07,0,9273,11169,20442
Maharashtra,Raigarh,2025-08,0,3995,6361,10356
Maharashtra,Raigarh,2025-09,0,16045,9424,25469
Maharashtra,Raigarh,2025-10,0,8310,13491,21801
Maharashtra,Raigarh,2025-11,0,16051,16020,32071
Maharashtra,Raigarh,2025-12,0,6721,8683,15404
Maharashtra,Raigarh,2026-01,0,969,1373,2342
Maharashtra,Raigarh(Mh),2025-05,0,3,74,77
Maharashtra,Raigarh(Mh),2025-06,0,4,129,133
Maharashtra,Raigarh(Mh),2025-07,0,6,196,202
Maharashtra,Raigarh(Mh),2025-08,0,6,118,124
Maharashtra,Raigarh(Mh),2025-09,0,8,129,137
Maharashtra,Raigarh(Mh),2025-10,0,4,214,218
Maharashtra,Raigarh(Mh),2025-11,0,13,211,224
Maharashtra,Raigarh(Mh),2025-12,0,2,161,163
Maharashtra,Raigarh(Mh),2026-01,0,2,21,23
Maharashtra,Ratnagiri,2025-03,0,3048,8515,11563
Maharashtra,Ratnagiri,2025-04,0,2012,4471,6483
Maharashtra,Ratnagiri,2025-05,0,4947,9795,14742
Maharashtra,Ratnagiri,2025-06,0,4359,9236,13595
Maharashtra,Ratnagiri,2025-07,0,5183,9985,15168
Maharashtra,Ratnagiri,2025-08,0,2676,4872,7548
Maharashtra,Ratnagiri,2025-09,0,16588,9590,26178
Maharashtra,Ratnagiri,2025-10,0,9979,15056,25035
Maharashtra,Ratnagiri,2025-11,0,10301,19400,29701
Maharashtra,Ratnagiri,2025-12,0,3958,8423,12381
Maharashtra,Ratnagiri,2026-01,0,523,1162,1685
Maharashtra,Sangli,2025-03,0,9058,15915,24973
Maharashtra,Sangli,2025-04,0,3798,7600,11398
Maharashtra,Sangli,2025-05,0,9685,19325,29010
Maharashtra,Sangli,2025-06,0,8170,16535,24705
Maharashtra,Sangli,2025-07,0,8362,13394,21756
Maharashtra,Sangli,2025-08,0,4386,8525,12911
Maharashtra,Sangli,2025-09,0,30078,12537,42615
Maharashtra,Sangli,2025-10,0,9127,16091,25218
Maharashtra,Sangli,2025-11,0,12293,28252,40545
Maharashtra,Sangli,2025-12,0,8877,12849,21726
Maharashtra,Sangli,2026-01,0,1140,1875,3015
Maharashtra,Satara,2025-03,0,7118,12897,20015
Maharashtra,Satara,2025-04,0,5785,7544,13329
Maharashtra,Satara,2025-05,0,9744,14988,24732
Maharashtra,Satara,2025-06,0,8310,14237,22547
Maharashtra,Satara,2025-07,0,10245,13433,23678
Maharashtra,Satara,2025-08,0,5773,9502,15275
Maharashtra,Satara,2025-09,0,37084,11355,48439
Maharashtra,Satara,2025-10,0,12472,15858,28330
Maharashtra,Satara,2025-11,0,13585,19662,33247
Maharashtra,Satara,2025-12,0,8274,11197,19471
Maharashtra,Satara,2026-01,0,1114,1408,2522
Maharashtra,Sindhudurg,2025-03,0,1808,3808,5616
Maharashtra,Sindhudurg,2025-04,0,1035,1872,2907
Maharashtra,Sindhudurg,2025-05,0,1972,3366,5338
Maharashtra,Sindhudurg,2025-06,0,1659,3866,5525
Maharashtra,Sindhudurg,2025-07,0,1273,3005,4278
Maharashtra,Sindhudurg,2025-08,0,633,1721,2354
Maharashtra,Sindhudurg,2025-09,0,5834,3584,9418
Maharashtra,Sindhudurg,2025-10,0,4631,5755,10386
Maharashtra,Sindhudurg,2025-11,0,4489,6244,10733
Maharashtra,Sindhudurg,2025-12,0,2304,3190,5494
Maharashtra,Sindhudurg,2026-01,0,323,472,795
Maharashtra,Solapur,2025-03,0,12613,21196,33809
Maharashtra,Solapur,2025-04,0,6752,13202,19954
Maharashtra,Solapur,2025-05,0,13792,27851,41643
Maharashtra,Solapur,2025-06,0,13077,24130,37207
Maharashtra,Solapur,2025-07,0,15170,23790,38960
Maharashtra,Solapur,2025-08,0,9763,16557,26320
Maharashtra,Solapur,2025-09,0,38982,15408,54390
Maharashtra,Solapur,2025-10,0,15009,20856,35865
Maharashtra,Solapur,2025-11,0,22124,25253,47377
Maharashtra,Solapur,2025-12,0,17344,18187,35531
Maharashtra,Solapur,2026-01,0,2038,2539,4577
Maharashtra,Thane,2025-03,0,10029,30389,40418
Maharashtra,Thane,2025-04,0,13610,30038,43648
Maharashtra,Thane,2025-05,0,26274,56831,83105
Maharashtra,Thane,2025-06,0,13724,39527,53251
Maharashtra,Thane,2025-07,0,19714,51265,70979
Maharashtra,Thane,2025-08,0,11449,30918,42367
Maharashtra,Thane,2025-09,0,32575,41761,74336
Maharashtra,Thane,2025-10,0,26821,51381,78202
Maharashtra,Thane,2025-11,0,38101,68192,106293
Maharashtra,Thane,2025-12,0,21446,40837,62283
Maharashtra,Thane,2026-01,0,3202,5997,9199
Maharashtra,Wardha,2025-03,0,5490,12101,17591
Maharashtra,Wardha,2025-04,0,1743,5340,7083
Maharashtra,Wardha,2025-05,0,4676,14386,19062
Maharashtra,Wardha,2025-06,0,3379,9691,13070
Maharashtra,Wardha,2025-07,0,3338,7775,11113
Maharashtra,Wardha,2025-08,0,2155,5399,7554
Maharashtra,Wardha,2025-09,0,6798,7107,13905
Maharashtra,Wardha,2025-10,0,5189,16752,21941
Maharashtra,Wardha,2025-11,0,8131,19301,27432
Maharashtra,Wardha,2025-12,0,4398,7995,12393
Maharashtra,Wardha,2026-01,0,479,1063,1542
Maharashtra,Washim,2025-03,0,4795,11191,15986
Maharashtra,Washim,2025-04,0,2756,5629,8385
Maharashtra,Washim,2025-05,0,4051,14619,18670
Maharashtra,Washim,2025-06,0,3675,9429,13104
Maharashtra,Washim,2025-07,0,6002,11585,17587
Maharashtra,Washim,2025-08,0,2606,6011,8617
Maharashtra,Washim,2025-09,0,13268,9620,22888
Maharashtra,Washim,2025-10,0,4107,16319,20426
Maharashtra,Washim,2025-11,0,6031,22963,28994
Maharashtra,Washim,2025-12,0,4039,7482,11521
Maharashtra,Washim,2026-01,0,679,1274,1953
Maharashtra,Washim *,2025-05,0,4,129,133
Maharashtra,Washim *,2025-06,0,0,167,167
Maharashtra,Washim *,2025-07,0,0,253,253
Maharashtra,Washim *,2025-08,0,5,163,168
Maharashtra,Washim *,2025-09,0,36,154,190
Maharashtra,Washim *,2025-10,0,6,368,374
Maharashtra,Washim *,2025-11,0,7,623,630
Maharashtra,Washim *,2025-12,0,13,192,205
Maharashtra,Washim *,2026-01,0,0,20,20
Maharashtra,Yavatmal,2025-03,0,9023,25250,34273
Maharashtra,Yavatmal,2025-04,0,5895,16027,21922
Maharashtra,Yavatmal,2025-05,0,9360,31736,41096
Maharashtra,Yavatmal,2025-06,0,7447,23057,30504
Maharashtra,Yavatmal,2025-07,0,11119,22970,34089
Maharashtra,Yavatmal,2025-08,0,5221,14716,19937
Maharashtra,Yavatmal,2025-09,0,24577,27323,51900
Maharashtra,Yavatmal,2025-10,0,10910,45025,55935
Maharashtra,Yavatmal,2025-11,0,14514,53954,68468
Maharashtra,Yavatmal,2025-12,0,8872,20040,28912
Maharashtra,Yavatmal,2026-01,0,857,2637,3494
Rajasthan,Ajmer,2025-03,0,3525,4057,7582
Rajasthan,Ajmer,2025-04,0,4003,5480,9483
Rajasthan,Ajmer,2025-05,0,5024,7775,12799
Rajasthan,Ajmer,2025-06,0,6765,8515,15280
Rajasthan,Ajmer,2025-07,0,10188,9515,19703
Rajasthan,Ajmer,2025-08,0,10604,9706,20310
Rajasthan,Ajmer,2025-09,0,30214,9864,40078
Rajasthan,Ajmer,2025-10,0,10435,11031,21466
Rajasthan,Ajmer,2025-11,0,10697,12694,23391
Rajasthan,Ajmer,2025-12,0,10715,10093,20808
Rajasthan,Ajmer,2026-01,0,1174,1169,2343
Rajasthan,Alwar,2025-03,0,8748,10602,19350
Rajasthan,Alwar,2025-04,0,6311,8513,14824
Rajasthan,Alwar,2025-05,0,7041,10940,17981
Rajasthan,Alwar,2025-06,0,10148,15415,25563
Rajasthan,Alwar,2025-07,0,16591,15664,32255
Rajasthan,Alwar,2025-08,0,14252,14543,28795
Rajasthan,Alwar,2025-09,0,49844,15537,65381
Rajasthan,Alwar,2025-10,0,15887,16513,32400
Rajasthan,Alwar,2025-11,0,16591,15896,32487
Rajasthan,Alwar,2025-12,0,17886,15150,33036
Rajasthan,Alwar,2026-01,0,2243,1997,4240
Rajasthan,Balotra,2025-05,0,0,8,8
Rajasthan,Balotra,2025-06,0,2,8,10
Rajasthan,Balotra,2025-07,0,0,28,28
Rajasthan,Balotra,2025-08,0,4,30,34
Rajasthan,Balotra,2025-09,0,5,40,45
Rajasthan,Balotra,2025-10,0,4,42,46
Rajasthan,Balotra,2025-11,0,12,187,199
Rajasthan,Balotra,2025-12,0,22,310,332
Rajasthan,Banswara,2025-03,0,3148,5719,8867
Rajasthan,Banswara,2025-04,0,1806,3661,5467
Rajasthan,Banswara,2025-05,0,2338,3493,5831
Rajasthan,Banswara,2025-06,0,6639,4075,10714
Rajasthan,Banswara,2025-07,0,9025,4751,13776
Rajasthan,Banswara,2025-08,0,6578,5724,12302
Rajasthan,Banswara,2025-09,0,23734,5900,29634
Rajasthan,Banswara,2025-10,0,5050,7035,12085
Rajasthan,Banswara,2025-11,0,7779,11472,19251
Rajasthan,Banswara,2025-12,0,5266,5924,11190
Rajasthan,Banswara,2026-01,0,527,667,1194
Rajasthan,Baran,2025-03,0,3503,4849,8352
Rajasthan,Baran,2025-04,0,1699,2732,4431
Rajasthan,Baran,2025-05,0,2482,3632,6114
Rajasthan,Baran,2025-06,0,2713,3804,6517
Rajasthan,Baran,2025-07,0,4976,5210,10186
Rajasthan,Baran,2025-08,0,6846,7036,13882
Rajasthan,Baran,2025-09,0,14308,7583,21891
Rajasthan,Baran,2025-10,0,3320,5504,8824
Rajasthan,Baran,2025-11,0,3984,8856,12840
Rajasthan,Baran,2025-12,0,8697,8267,16964
Rajasthan,Baran,2026-01,0,421,814,1235
Rajasthan,Barmer,2025-03,0,6426,7221,13647
Rajasthan,Barmer,2025-04,0,5736,7107,12843
Rajasthan,Barmer,2025-05,0,6728,9130,15858
Rajasthan,Barmer,2025-06,0,14368,9146,23514
Rajasthan,Barmer,2025-07,0,18186,11999,30185
Rajasthan,Barmer,2025-08,0,12214,12034,24248
Rajasthan,Barmer,2025-09,0,45863,12556,58419
Rajasthan,Barmer,2025-10,0,11409,11881,23290
Rajasthan,Barmer,2025-11,0,15118,18821,33939
Rajasthan,Barmer,2025-12,0,14274,13162,27436
Rajasthan,Barmer,2026-01,0,1673,1613,3286
Rajasthan,Beawar,2025-05,0,0,1,1
Rajasthan,Beawar,2025-06,0,3,11,14
Rajasthan,Beawar,2025-07,0,3,21,24
Rajasthan,Beawar,2025-08,0,0,21,21
Rajasthan,Beawar,2025-09,0,1,18,19
Rajasthan,Beawar,2025-10,0,0,26,26
Rajasthan,Beawar,2025-11,0,10,146,156
Rajasthan,Beawar,2025-12,0,16,345,361
Rajasthan,Bharatpur,2025-03,0,3920,5668,9588
Rajasthan,Bharatpur,2025-04,0,3357,5610,8967
Rajasthan,Bharatpur,2025-05,0,4690,7646,12336
Rajasthan,Bharatpur,2025-06,0,7561,8830,16391
Rajasthan,Bharatpur,2025-07,0,14796,10813,25609
Rajasthan,Bharatpur,2025-08,0,14856,10761,25617
Rajasthan,Bharatpur,2025-09,0,27816,10587,38403
Rajasthan,Bharatpur,2025-10,0,8860,10722,19582
Rajasthan,Bharatpur,2025-11,0,11017,11601,22618
Rajasthan,Bharatpur,2025-12,0,9031,9966,18997
Rajasthan,Bharatpur,2026-01,0,901,1034,1935
Rajasthan,Bhilwara,2025-03,0,4151,5081,9232
Rajasthan,Bhilwara,2025-04,0,3155,3973,7128
Rajasthan,Bhilwara,2025-05,0,3970,5356,9326
Rajasthan,Bhilwara,2025-06,0,6077,6177,12254
Rajasthan,Bhilwara,2025-07,0,9810,6779,16589
Rajasthan,Bhilwara,2025-08,0,6977,7524,14501
Rajasthan,Bhilwara,2025-09,0,25074,8398,33472
Rajasthan,Bhilwara,2025-10,0,8617,11720,20337
Rajasthan,Bhilwara,2025-11,0,10153,17870,28023
Rajasthan,Bhilwara,2025-12,0,9224,13083,22307
Rajasthan,Bhilwara,2026-01,0,1283,1732,3015
Rajasthan,Bikaner,2025-03,0,4225,6055,10280
Rajasthan,Bikaner,2025-04,0,4819,7905,12724
Rajasthan,Bikaner,2025-05,0,4073,8862,12935
Rajasthan,Bikaner,2025-06,0,4712,8958,13670
Rajasthan,Bikaner,2025-07,0,8356,10970,19326
Rajasthan,Bikaner,2025-08,0,7451,10706,18157
Rajasthan,Bikaner,2025-09,0,24573,12157,36730
Rajasthan,Bikaner,2025-10,0,6758,9621,16379
Rajasthan,Bikaner,2025-11,0,9092,12429,21521
Rajasthan,Bikaner,2025-12,0,10137,11865,22002
Rajasthan,Bikaner,2026-01,0,971,1463,2434
Rajasthan,Bundi,2025-03,0,2173,3203,5376
Rajasthan,Bundi,2025-04,0,1278,1990,3268
Rajasthan,Bundi,2025-05,0,2413,3783,6196
Rajasthan,Bundi,2025-06,0,3246,3359,6605
Rajasthan,Bundi,2025-07,0,4977,4384,9361
Rajasthan,Bundi,2025-08,0,5438,4558,9996
Rajasthan,Bundi,2025-09,0,10994,4909,15903
Rajasthan,Bundi,2025-10,0,2997,4321,7318
Rajasthan,Bundi,2025-11,0,4054,6563,10617
Rajasthan,Bundi,2025-12,0,4576,5688,10264
Rajasthan,Bundi,2026-01,0,507,659,1166
Rajasthan,Chittaurgarh,2025-03,0,11,75,86
Rajasthan,Chittaurgarh,2025-04,0,24,98,122
Rajasthan,Chittaurgarh,2025-05,0,40,239,279
Rajasthan,Chittaurgarh,2025-06,0,41,408,449
Rajasthan,Chittaurgarh,2025-07,0,100,450,550
Rajasthan,Chittaurgarh,2025-08,0,120,532,652
Rajasthan,Chittaurgarh,2025-09,0,355,506,861
Rajasthan,Chittaurgarh,2025-10,0,131,541,672
Rajasthan,Chittaurgarh,2025-11,0,145,611,756
Rajasthan,Chittaurgarh,2025-12,0,118,556,674
Rajasthan,Chittaurgarh,2026-01,0,11,50,61
Rajasthan,Chittorgarh,2025-03,0,2026,2429,4455
Rajasthan,Chittorgarh,2025-04,0,1576,2016,3592
Rajasthan,Chittorgarh,2025-05,0,2533,3121,5654
Rajasthan,Chittorgarh,2025-06,0,4634,4810,9444
Rajasthan,Chittorgarh,2025-07,0,5835,4608,10443
Rajasthan,Chittorgarh,2025-08,0,4414,4462,8876
Rajasthan,Chittorgarh,2025-09,0,12753,5030,17783
Rajasthan,Chittorgarh,2025-10,0,3301,4508,7809
Rajasthan,Chittorgarh,2025-11,0,4621,5344,9965
Rajasthan,Chittorgarh,2025-12,0,3823,4254,8077
Rajasthan,Chittorgarh,2026-01,0,455,501,956
Rajasthan,Churu,2025-03,0,4738,6633,11371
Rajasthan,Churu,2025-04,0,4115,6530,10645
Rajasthan,Churu,2025-05,0,4751,8912,13663
Rajasthan,Churu,2025-06,0,7518,9557,17075
Rajasthan,Churu,2025-07,0,7993,9153,17146
Rajasthan,Churu,2025-08,0,7086,9576,16662
Rajasthan,Churu,2025-09,0,25452,10514,35966
Rajasthan,Churu,2025-10,0,7088,9880,16968
Rajasthan,Churu,2025-11,0,8674,11170,19844
Rajasthan,Churu,2025-12,0,10527,11369,21896
Rajasthan,Churu,2026-01,0,1101,1264,2365
Rajasthan,Dausa,2025-03,0,4417,6406,10823
Rajasthan,Dausa,2025-04,0,3294,4771,8065
Rajasthan,Dausa,2025-05,0,2841,4609,7450
Rajasthan,Dausa,2025-06,0,5145,6877,12022
Rajasthan,Dausa,2025-07,0,6616,7592,14208
Rajasthan,Dausa,2025-08,0,6099,8080,14179
Rajasthan,Dausa,2025-09,0,24188,7573,31761
Rajasthan,Dausa,2025-10,0,5904,7936,13840
Rajasthan,Dausa,2025-11,0,7717,10318,18035
Rajasthan,Dausa,2025-12,0,6695,7500,14195
Rajasthan,Dausa,2026-01,0,820,962,1782
Rajasthan,Deeg,2025-05,0,0,17,17
Rajasthan,Deeg,2025-06,0,9,35,44
Rajasthan,Deeg,2025-07,0,4,63,67
Rajasthan,Deeg,2025-08,0,23,158,181
Rajasthan,Deeg,2025-09,0,26,299,325
Rajasthan,Deeg,2025-10,0,17,355,372
Rajasthan,Deeg,2025-11,0,34,369,403
Rajasthan,Deeg,2025-12,0,32,397,429
Rajasthan,Deeg,2026-01,0,1,5,6
Rajasthan,Dhaulpur,2025-05,0,1,17,18
Rajasthan,Dhaulpur,2025-06,0,8,72,80
Rajasthan,Dhaulpur,2025-07,0,39,91,130
Rajasthan,Dhaulpur,2025-08,0,33,116,149
Rajasthan,Dhaulpur,2025-09,0,74,116,190
Rajasthan,Dhaulpur,2025-10,0,33,109,142
Rajasthan,Dhaulpur,2025-11,0,16,103,119
Rajasthan,Dhaulpur,2025-12,0,23,104,127
Rajasthan,Dhaulpur,2026-01,0,1,6,7
Rajasthan,Dholpur,2025-03,0,2182,2593,4775
Rajasthan,Dholpur,2025-04,0,2419,2813,5232
Rajasthan,Dholpur,2025-05,0,3329,3109,6438
Rajasthan,Dholpur,2025-06,0,4118,3390,7508
Rajasthan,Dholpur,2025-07,0,7460,3976,11436
Rajasthan,Dholpur,2025-08,0,6734,4558,11292
Rajasthan,Dholpur,2025-09,0,20057,4233,24290
Rajasthan,Dholpur,2025-10,0,5260,4373,9633
Rajasthan,Dholpur,2025-11,0,6016,4927,10943
Rajasthan,Dholpur,2025-12,0,4764,4775,9539
Rajasthan,Dholpur,2026-01,0,485,554,1039
Rajasthan,Didwana-Kuchaman,2025-05,0,1,1,2
Rajasthan,Didwana-Kuchaman,2025-06,0,1,14,15
Rajasthan,Didwana-Kuchaman,2025-07,0,7,16,23
Rajasthan,Didwana-Kuchaman,2025-08,0,1,28,29
Rajasthan,Didwana-Kuchaman,2025-09,0,1,34,35
Rajasthan,Didwana-Kuchaman,2025-10,0,9,43,52
Rajasthan,Didwana-Kuchaman,2025-11,0,21,199,220
Rajasthan,Didwana-Kuchaman,2025-12,0,29,436,465
Rajasthan,Didwana-Kuchaman,2026-01,0,0,3,3
Rajasthan,Dungarpur,2025-03,0,3315,4827,8142
Rajasthan,Dungarpur,2025-04,0,2869,3984,6853
Rajasthan,Dungarpur,2025-05,0,2481,3566,6047
Rajasthan,Dungarpur,2025-06,0,4948,4071,9019
Rajasthan,Dungarpur,2025-07,0,8622,4266,12888
Rajasthan,Dungarpur,2025-08,0,6060,5083,11143
Rajasthan,Dungarpur,2025-09,0,21569,5144,26713
Rajasthan,Dungarpur,2025-10,0,5846,6591,12437
Rajasthan,Dungarpur,2025-11,0,9862,10563,20425
Rajasthan,Dungarpur,2025-12,0,6828,5675,12503
Rajasthan,Dungarpur,2026-01,0,496,684,1180
Rajasthan,Ganganagar,2025-03,0,2705,5497,8202
Rajasthan,Ganganagar,2025-04,0,2922,5710,8632
Rajasthan,Ganganagar,2025-05,0,3376,7740,11116
Rajasthan,Ganganagar,2025-06,0,4741,7881,12622
Rajasthan,Ganganagar,2025-07,0,5830,9082,14912
Rajasthan,Ganganagar,2025-08,0,4875,8445,13320
Rajasthan,Ganganagar,2025-09,0,16866,8506,25372
Rajasthan,Ganganagar,2025-10,0,5207,8086,13293
Rajasthan,Ganganagar,2025-11,0,5958,9966,15924
Rajasthan,Ganganagar,2025-12,0,7180,8880,16060
Rajasthan,Ganganagar,2026-01,0,748,1187,1935
Rajasthan,Hanumangarh,2025-03,0,3644,6697,10341
Rajasthan,Hanumangarh,2025-04,0,3310,6235,9545
Rajasthan,Hanumangarh,2025-05,0,2572,6088,8660
Rajasthan,Hanumangarh,2025-06,0,3062,6296,9358
Rajasthan,Hanumangarh,2025-07,0,6084,7798,13882
Rajasthan,Hanumangarh,2025-08,0,5397,8317,13714
Rajasthan,Hanumangarh,2025-09,0,14119,7620,21739
Rajasthan,Hanumangarh,2025-10,0,4517,6484,11001
Rajasthan,Hanumangarh,2025-11,0,4860,9194,14054
Rajasthan,Hanumangarh,2025-12,0,7199,9057,16256
Rajasthan,Hanumangarh,2026-01,0,747,1176,1923
Rajasthan,Jaipur,2025-03,0,10732,18028,28760
Rajasthan,Jaipur,2025-04,0,12533,22127,34660
Rajasthan,Jaipur,2025-05,0,14660,28837,43497
Rajasthan,Jaipur,2025-06,0,13100,25615,38715
Rajasthan,Jaipur,2025-07,0,17639,27459,45098
Rajasthan,Jaipur,2025-08,0,19387,29918,49305
Rajasthan,Jaipur,2025-09,0,47804,30797,78601
Rajasthan,Jaipur,2025-10,0,16594,27515,44109
Rajasthan,Jaipur,2025-11,0,23906,37145,61051
Rajasthan,Jaipur,2025-12,0,22313,27252,49565
Rajasthan,Jaipur,2026-01,0,3413,3664,7077
Rajasthan,Jaisalmer,2025-03,0,2266,2544,4810
Rajasthan,Jaisalmer,2025-04,0,1463,2094,3557
Rajasthan,Jaisalmer,2025-05,0,1550,2646,4196
Rajasthan,Jaisalmer,2025-06,0,3380,2591,5971
Rajasthan,Jaisalmer,2025-07,0,4434,2840,7274
Rajasthan,Jaisalmer,2025-08,0,2712,2696,5408
Rajasthan,Jaisalmer,2025-09,0,9429,3198,12627
Rajasthan,Jaisalmer,2025-10,0,2501,3090,5591
Rajasthan,Jaisalmer,2025-11,0,2706,4126,6832
Rajasthan,Jaisalmer,2025-12,0,3560,2715,6275
Rajasthan,Jaisalmer,2026-01,0,532,413,945
Rajasthan,Jalor,2025-03,0,2934,4683,7617
Rajasthan,Jalor,2025-04,0,2786,5071,7857
Rajasthan,Jalor,2025-05,0,3210,5653,8863
Rajasthan,Jalor,2025-06,0,5135,6584,11719
Rajasthan,Jalor,2025-07,0,6372,6209,12581
Rajasthan,Jalor,2025-08,0,6231,5591,11822
Rajasthan,Jalor,2025-09,0,23827,8297,32124
Rajasthan,Jalor,2025-10,0,5834,7152,12986
Rajasthan,Jalor,2025-11,0,8017,9436,17453
Rajasthan,Jalor,2025-12,0,8324,8846,17170
Rajasthan,Jalor,2026-01,0,1004,1121,2125
Rajasthan,Jalore,2025-05,0,1,12,13
Rajasthan,Jalore,2025-06,0,6,33,39
Rajasthan,Jalore,2025-07,0,10,42,52
Rajasthan,Jalore,2025-08,0,7,59,66
Rajasthan,Jalore,2025-09,0,4,60,64
Rajasthan,Jalore,2025-10,0,16,221,237
Rajasthan,Jalore,2025-11,0,14,383,397
Rajasthan,Jalore,2025-12,0,26,511,537
Rajasthan,Jalore,2026-01,0,0,1,1
Rajasthan,Jhalawar,2025-03,0,2488,3465,5953
Rajasthan,Jhalawar,2025-04,0,1954,2792,4746
Rajasthan,Jhalawar,2025-05,0,2092,3956,6048
Rajasthan,Jhalawar,2025-06,0,2718,4206,6924
Rajasthan,Jhalawar,2025-07,0,5093,5076,10169
Rajasthan,Jhalawar,2025-08,0,3463,4962,8425
Rajasthan,Jhalawar,2025-09,0,22268,6157,28425
Rajasthan,Jhalawar,2025-10,0,4052,5844,9896
Rajasthan,Jhalawar,2025-11,0,5785,9850,15635
Rajasthan,Jhalawar,2025-12,0,4767,6881,11648
Rajasthan,Jhalawar,2026-01,0,500,738,1238
Rajasthan,Jhunjhunu,2025-03,0,11,87,98
Rajasthan,Jhunjhunu,2025-05,0,37,207,244
Rajasthan,Jhunjhunu,2025-06,0,39,478,517
Rajasthan,Jhunjhunu,2025-07,0,68,534,602
Rajasthan,Jhunjhunu,2025-08,0,76,528,604
Rajasthan,Jhunjhunu,2025-09,0,330,541,871
Rajasthan,Jhunjhunu,2025-10,0,126,791,917
Rajasthan,Jhunjhunu,2025-11,0,138,853,991
Rajasthan,Jhunjhunu,2025-12,0,130,949,1079
Rajasthan,Jhunjhunu,2026-01,0,24,33,57
Rajasthan,Jhunjhunun,2025-03,0,3524,7075,10599
Rajasthan,Jhunjhunun,2025-04,0,2869,5644,8513
Rajasthan,Jhunjhunun,2025-05,0,3840,9240,13080
Rajasthan,Jhunjhunun,2025-06,0,4541,10739,15280
Rajasthan,Jhunjhunun,2025-07,0,4616,8812,13428
Rajasthan,Jhunjhunun,2025-08,0,4494,8376,12870
Rajasthan,Jhunjhunun,2025-09,0,17919,9220,27139
Rajasthan,Jhunjhunun,2025-10,0,5761,9187,14948
Rajasthan,Jhunjhunun,2025-11,0,6730,9957,16687
Rajasthan,Jhunjhunun,2025-12,0,7620,8970,16590
Rajasthan,Jhunjhunun,2026-01,0,1007,1071,2078
Rajasthan,Jodhpur,2025-03,0,8240,10645,18885
Rajasthan,Jodhpur,2025-04,0,6864,9836,16700
Rajasthan,Jodhpur,2025-05,0,8180,14092,22272
Rajasthan,Jodhpur,2025-06,0,10026,12162,22188
Rajasthan,Jodhpur,2025-07,0,16457,15355,31812
Rajasthan,Jodhpur,2025-08,0,13686,14970,28656
Rajasthan,Jodhpur,2025-09,0,45006,17351,62357
Rajasthan,Jodhpur,2025-10,0,12205,13399,25604
Rajasthan,Jodhpur,2025-11,0,14358,19395,33753
Rajasthan,Jodhpur,2025-12,0,16318,15588,31906
Rajasthan,Jodhpur,2026-01,0,2225,2062,4287
Rajasthan,Karauli,2025-03,0,3171,3845,7016
Rajasthan,Karauli,2025-04,0,1879,2066,3945
Rajasthan,Karauli,2025-05,0,4273,3519,7792
Rajasthan,Karauli,2025-06,0,4843,4026,8869
Rajasthan,Karauli,2025-07,0,6183,4690,10873
Rajasthan,Karauli,2025-08,0,5797,5387,11184
Rajasthan,Karauli,2025-09,0,18995,4521,23516
Rajasthan,Karauli,2025-10,0,6459,5129,11588
Rajasthan,Karauli,2025-11,0,7911,6050,13961
Rajasthan,Karauli,2025-12,0,6880,5617,12497
Rajasthan,Karauli,2026-01,0,613,586,1199
Rajasthan,Khairthal-Tijara,2025-05,0,0,2,2
Rajasthan,Khairthal-Tijara,2025-06,0,2,20,22
Rajasthan,Khairthal-Tijara,2025-07,0,5,40,45
Rajasthan,Khairthal-Tijara,2025-08,0,1,33,34
Rajasthan,Khairthal-Tijara,2025-09,0,7,47,54
Rajasthan,Khairthal-Tijara,2025-10,0,5,41,46
Rajasthan,Khairthal-Tijara,2025-11,0,10,238,248
Rajasthan,Khairthal-Tijara,2025-12,0,27,543,570
Rajasthan,Khairthal-Tijara,2026-01,0,0,1,1
Rajasthan,Kota,2025-03,0,3556,5003,8559
Rajasthan,Kota,2025-04,0,2995,4351,7346
Rajasthan,Kota,2025-05,0,3466,6040,9506
Rajasthan,Kota,2025-06,0,4516,5163,9679
Rajasthan,Kota,2025-07,0,8166,6646,14812
Rajasthan,Kota,2025-08,0,6671,7168,13839
Rajasthan,Kota,2025-09,0,15516,8444,23960
Rajasthan,Kota,2025-10,0,4736,7081,11817
Rajasthan,Kota,2025-11,0,5805,10573,16378
Rajasthan,Kota,2025-12,0,5226,6475,11701
Rajasthan,Kota,2026-01,0,692,902,1594
Rajasthan,Kotputli-Behror,2025-05,0,0,7,7
Rajasthan,Kotputli-Behror,2025-06,0,0,27,27
Rajasthan,Kotputli-Behror,2025-07,0,4,21,25
Rajasthan,Kotputli-Behror,2025-08,0,2,18,20
Rajasthan,Kotputli-Behror,2025-09,0,3,19,22
Rajasthan,Kotputli-Behror,2025-10,0,5,29,34
Rajasthan,Kotputli-Behror,2025-11,0,6,192,198
Rajasthan,Kotputli-Behror,2025-12,0,25,284,309
Rajasthan,Nagaur,2025-03,0,6780,11176,17956
Rajasthan,Nagaur,2025-04,0,5307,9010,14317
Rajasthan,Nagaur,2025-05,0,8044,11792,19836
Rajasthan,Nagaur,2025-06,0,11936,14488,26424
Rajasthan,Nagaur,2025-07,0,13445,14096,27541
Rajasthan,Nagaur,2025-08,0,13159,14989,28148
Rajasthan,Nagaur,2025-09,0,38649,14829,53478
Rajasthan,Nagaur,2025-10,0,12083,14624,26707
Rajasthan,Nagaur,2025-11,0,13374,20468,33842
Rajasthan,Nagaur,2025-12,0,16504,15805,32309
Rajasthan,Nagaur,2026-01,0,2063,2273,4336
Rajasthan,Pali,2025-03,0,3850,10231,14081
Rajasthan,Pali,2025-04,0,3775,8390,12165
Rajasthan,Pali,2025-05,0,4787,9243,14030
Rajasthan,Pali,2025-06,0,8883,11304,20187
Rajasthan,Pali,2025-07,0,11264,11304,22568
Rajasthan,Pali,2025-08,0,9137,11977,21114
Rajasthan,Pali,2025-09,0,25025,13945,38970
Rajasthan,Pali,2025-10,0,7451,13101,20552
Rajasthan,Pali,2025-11,0,8853,17697,26550
Rajasthan,Pali,2025-12,0,9596,12209,21805
Rajasthan,Pali,2026-01,0,923,1432,2355
Rajasthan,Phalodi,2025-05,0,0,1,1
Rajasthan,Phalodi,2025-06,0,0,6,6
Rajasthan,Phalodi,2025-07,0,0,16,16
Rajasthan,Phalodi,2025-08,0,0,10,10
Rajasthan,Phalodi,2025-09,0,0,16,16
Rajasthan,Phalodi,2025-10,0,0,27,27
Rajasthan,Phalodi,2025-11,0,3,84,87
Rajasthan,Phalodi,2025-12,0,11,92,103
Rajasthan,Phalodi,2026-01,0,0,2,2
Rajasthan,Pratapgarh,2025-03,0,1117,1514,2631
Rajasthan,Pratapgarh,2025-04,0,1862,2146,4008
Rajasthan,Pratapgarh,2025-05,0,1647,2368,4015
Rajasthan,Pratapgarh,2025-06,0,4589,2936,7525
Rajasthan,Pratapgarh,2025-07,0,6412,3668,10080
Rajasthan,Pratapgarh,2025-08,0,3240,3635,6875
Rajasthan,Pratapgarh,2025-09,0,13257,4544,17801
Rajasthan,Pratapgarh,2025-10,0,2499,3929,6428
Rajasthan,Pratapgarh,2025-11,0,3490,5406,8896
Rajasthan,Pratapgarh,2025-12,0,3344,4714,8058
Rajasthan,Pratapgarh,2026-01,0,223,446,669
Rajasthan,Rajsamand,2025-03,0,2388,2082,4470
Rajasthan,Rajsamand,2025-04,0,1675,2042,3717
Rajasthan,Rajsamand,2025-05,0,2511,3564,6075
Rajasthan,Rajsamand,2025-06,0,3965,4749,8714
Rajasthan,Rajsamand,2025-07,0,4685,4250,8935
Rajasthan,Rajsamand,2025-08,0,3389,3959,7348
Rajasthan,Rajsamand,2025-09,0,14499,4531,19030
Rajasthan,Rajsamand,2025-10,0,3721,5536,9257
Rajasthan,Rajsamand,2025-11,0,4576,6871,11447
Rajasthan,Rajsamand,2025-12,0,3667,4299,7966
Rajasthan,Rajsamand,2026-01,0,491,532,1023
Rajasthan,Salumbar,2025-05,0,0,1,1
Rajasthan,Salumbar,2025-06,0,0,3,3
Rajasthan,Salumbar,2025-07,0,0,5,5
Rajasthan,Salumbar,2025-08,0,1,9,10
Rajasthan,Salumbar,2025-09,0,1,17,18
Rajasthan,Salumbar,2025-10,0,1,45,46
Rajasthan,Salumbar,2025-11,0,4,94,98
Rajasthan,Salumbar,2025-12,0,9,109,118
Rajasthan,Sawai Madhopur,2025-03,0,3267,5410,8677
Rajasthan,Sawai Madhopur,2025-04,0,3028,4209,7237
Rajasthan,Sawai Madhopur,2025-05,0,3485,4585,8070
Rajasthan,Sawai Madhopur,2025-06,0,4191,4623,8814
Rajasthan,Sawai Madhopur,2025-07,0,6257,5985,12242
Rajasthan,Sawai Madhopur,2025-08,0,5762,5538,11300
Rajasthan,Sawai Madhopur,2025-09,0,17205,5967,23172
Rajasthan,Sawai Madhopur,2025-10,0,5257,5977,11234
Rajasthan,Sawai Madhopur,2025-11,0,6076,8308,14384
Rajasthan,Sawai Madhopur,2025-12,0,5055,5817,10872
Rajasthan,Sawai Madhopur,2026-01,0,624,672,1296
Rajasthan,Sikar,2025-03,0,6328,10847,17175
Rajasthan,Sikar,2025-04,0,5461,9649,15110
Rajasthan,Sikar,2025-05,0,6953,10947,17900
Rajasthan,Sikar,2025-06,0,8489,13981,22470
Rajasthan,Sikar,2025-07,0,7640,12423,20063
Rajasthan,Sikar,2025-08,0,15330,12933,28263
Rajasthan,Sikar,2025-09,0,24352,13548,37900
Rajasthan,Sikar,2025-10,0,6901,12959,19860
Rajasthan,Sikar,2025-11,0,8053,13024,21077
Rajasthan,Sikar,2025-12,0,9894,11999,21893
Rajasthan,Sikar,2026-01,0,1409,1528,2937
Rajasthan,Sirohi,2025-03,0,1697,2958,4655
Rajasthan,Sirohi,2025-04,0,1714,3450,5164
Rajasthan,Sirohi,2025-05,0,2556,4369,6925
Rajasthan,Sirohi,2025-06,0,3664,5285,8949
Rajasthan,Sirohi,2025-07,0,4256,4807,9063
Rajasthan,Sirohi,2025-08,0,3301,4729,8030
Rajasthan,Sirohi,2025-09,0,13197,5130,18327
Rajasthan,Sirohi,2025-10,0,5530,5860,11390
Rajasthan,Sirohi,2025-11,0,6775,7731,14506
Rajasthan,Sirohi,2025-12,0,5419,5423,10842
Rajasthan,Sirohi,2026-01,0,442,629,1071
Rajasthan,Tonk,2025-03,0,2916,4956,7872
Rajasthan,Tonk,2025-04,0,2385,3827,6212
Rajasthan,Tonk,2025-05,0,3272,4993,8265
Rajasthan,Tonk,2025-06,0,3261,4703,7964
Rajasthan,Tonk,2025-07,0,6113,5629,11742
Rajasthan,Tonk,2025-08,0,5499,6320,11819
Rajasthan,Tonk,2025-09,0,17017,5272,22289
Rajasthan,Tonk,2025-10,0,4526,5389,9915
Rajasthan,Tonk,2025-11,0,6435,8233,14668
Rajasthan,Tonk,2025-12,0,5238,6250,11488
Rajasthan,Tonk,2026-01,0,557,739,1296
Rajasthan,Udaipur,2025-03,0,7039,10653,17692
Rajasthan,Udaipur,2025-04,0,4918,7948,12866
Rajasthan,Udaipur,2025-05,0,6770,9526,16296
Rajasthan,Udaipur,2025-06,0,10533,11702,22235
Rajasthan,Udaipur,2025-07,0,16877,12123,29000
Rajasthan,Udaipur,2025-08,0,13662,12423,26085
Rajasthan,Udaipur,2025-09,0,36458,13410,49868
Rajasthan,Udaipur,2025-10,0,11833,13495,25328
Rajasthan,Udaipur,2025-11,0,14761,20235,34996
Rajasthan,Udaipur,2025-12,0,11496,12667,24163
Rajasthan,Udaipur,2026-01,0,1198,1609,2807
UP,Agra,2025-03,0,16360,9845,26205
UP,Agra,2025-04,0,17562,7368,24930
UP,Agra,2025-05,0,26566,14936,41502
UP,Agra,2025-06,0,15142,11239,26381
UP,Agra,2025-07,0,17526,12151,29677
UP,Agra,2025-08,0,16134,13430,29564
UP,Agra,2025-09,0,24858,12823,37681
UP,Agra,2025-10,0,15357,11312,26669
UP,Agra,2025-11,0,17642,13208,30850
UP,Agra,2025-12,0,16601,13547,30148
UP,Agra,2026-01,0,1693,1397,3090
UP,Aligarh,2025-03,0,14077,3944,18021
UP,Aligarh,2025-04,0,21655,5876,27531
UP,Aligarh,2025-05,0,33889,11858,45747
UP,Aligarh,2025-06,0,14207,8570,22777
UP,Aligarh,2025-07,0,15837,8911,24748
UP,Aligarh,2025-08,0,12401,9152,21553
UP,Aligarh,2025-09,0,20702,9218,29920
UP,Aligarh,2025-10,0,13600,8285,21885
UP,Aligarh,2025-11,0,15231,8725,23956
UP,Aligarh,2025-12,0,14961,10547,25508
UP,Aligarh,2026-01,0,1043,913,1956
UP,Allahabad,2025-03,0,17981,8694,26675
UP,Allahabad,2025-04,0,27811,9386,37197
UP,Allahabad,2025-05,0,33174,11691,44865
UP,Allahabad,2025-06,0,27997,12182,40179
UP,Allahabad,2025-07,0,17647,11632,29279
UP,Allahabad,2025-08,0,16774,14159,30933
UP,Allahabad,2025-09,0,26991,13813,40804
UP,Allahabad,2025-10,0,16545,12564,29109
UP,Allahabad,2025-11,0,17046,13277,30323
UP,Allahabad,2025-12,0,12110,12545,24655
UP,Allahabad,2026-01,0,1567,1721,3288
UP,Ambedkar Nagar,2025-03,0,4954,4552,9506
UP,Ambedkar Nagar,2025-04,0,5208,4053,9261
UP,Ambedkar Nagar,2025-05,0,5468,5107,10575
UP,Ambedkar Nagar,2025-06,0,6167,5394,11561
UP,Ambedkar Nagar,2025-07,0,6013,5079,11092
UP,Ambedkar Nagar,2025-08,0,6353,6436,12789
UP,Ambedkar Nagar,2025-09,0,13986,6535,20521
UP,Ambedkar Nagar,2025-10,0,6544,4780,11324
UP,Ambedkar Nagar,2025-11,0,8203,5106,13309
UP,Ambedkar Nagar,2025-12,0,6146,5889,12035
UP,Ambedkar Nagar,2026-01,0,640,570,1210
UP,Ambedkar Nagar *,2025-08,0,0,1,1
UP,Amethi,2025-03,0,4761,3625,8386
UP,Amethi,2025-04,0,7003,4515,11518
UP,Amethi,2025-05,0,10115,4933,15048
UP,Amethi,2025-06,0,7868,5765,13633
UP,Amethi,2025-07,0,5224,5350,10574
UP,Amethi,2025-08,0,6259,5970,12229
UP,Amethi,2025-09,0,9661,5771,15432
UP,Amethi,2025-10,0,6180,4643,10823
UP,Amethi,2025-11,0,7903,5261,13164
UP,Amethi,2025-12,0,6336,6356,12692
UP,Amethi,2026-01,0,643,766,1409
UP,Amroha,2025-03,0,5142,1765,6907
UP,Amroha,2025-04,0,7384,1614,8998
UP,Amroha,2025-05,0,14022,4532,18554
UP,Amroha,2025-06,0,6929,4496,11425
UP,Amroha,2025-07,0,4159,3777,7936
UP,Amroha,2025-08,0,5599,4845,10444
UP,Amroha,2025-09,0,11072,4607,15679
UP,Amroha,2025-10,0,7095,5046,12141
UP,Amroha,2025-11,0,7415,5946,13361
UP,Amroha,2025-12,0,7329,6221,13550
UP,Amroha,2026-01,0,914,819,1733
UP,Auraiya,2025-03,0,6479,2247,8726
UP,Auraiya,2025-04,0,5474,2844,8318
UP,Auraiya,2025-05,0,7180,2822,10002
UP,Auraiya,2025-06,0,7153,4604,11757
UP,Auraiya,2025-07,0,4905,2959,7864
UP,Auraiya,2025-08,0,5428,3938,9366
UP,Auraiya,2025-09,0,5392,3005,8397
UP,Auraiya,2025-10,0,3813,3186,6999
UP,Auraiya,2025-11,0,5477,3255,8732
UP,Auraiya,2025-12,0,3892,3487,7379
UP,Auraiya,2026-01,0,387,337,724
UP,Auraiya *,2025-11,0,1,0,1
UP,Ayodhya,2025-03,0,222,266,488
UP,Ayodhya,2025-04,0,440,623,1063
UP,Ayodhya,2025-05,0,603,1569,2172
UP,Ayodhya,2025-06,0,669,3330,3999
UP,Ayodhya,2025-07,0,693,2872,3565
UP,Ayodhya,2025-08,0,765,1806,2571
UP,Ayodhya,2025-09,0,1020,1601,2621
UP,Ayodhya,2025-10,0,783,1421,2204
UP,Ayodhya,2025-11,0,675,1421,2096
UP,Ayodhya,2025-12,0,686,1333,2019
UP,Ayodhya,2026-01,0,105,82,187
UP,Azamgarh,2025-03,0,9243,8620,17863
UP,Azamgarh,2025-04,0,14166,9435,23601
UP,Azamgarh,2025-05,0,12985,12462,25447
UP,Azamgarh,2025-06,0,8345,11575,19920
UP,Azamgarh,2025-07,0,9445,11544,20989
UP,Azamgarh,2025-08,0,12643,13345,25988
UP,Azamgarh,2025-09,0,18607,14023,32630
UP,Azamgarh,2025-10,0,9584,11454,21038
UP,Azamgarh,2025-11,0,14879,11653,26532
UP,Azamgarh,2025-12,0,10690,13562,24252
UP,Azamgarh,2026-01,0,1215,1489,2704
UP,Baghpat,2025-03,0,7929,2883,10812
UP,Baghpat,2025-04,0,4162,1721,5883
UP,Baghpat,2025-05,0,4654,3023,7677
UP,Baghpat,2025-06,0,3634,3424,7058
UP,Baghpat,2025-07,0,3357,3013,6370
UP,Baghpat,2025-08,0,3864,4221,8085
UP,Baghpat,2025-09,0,6562,3965,10527
UP,Baghpat,2025-10,0,4169,3489,7658
UP,Baghpat,2025-11,0,4848,3642,8490
UP,Baghpat,2025-12,0,4024,4088,8112
UP,Baghpat,2026-01,0,586,576,1162
UP,Baghpat *,2025-09,0,3,0,3
UP,Bagpat,2025-05,0,0,2,2
UP,Bagpat,2025-06,0,0,7,7
UP,Bagpat,2025-07,0,0,4,4
UP,Bagpat,2025-09,0,3,7,10
UP,Bagpat,2025-10,0,4,7,11
UP,Bagpat,2025-11,0,0,4,4
UP,Bagpat,2025-12,0,3,7,10
UP,Bahraich,2025-03,0,17128,7037,24165
UP,Bahraich,2025-04,0,22243,9429,31672
UP,Bahraich,2025-05,0,22463,7522,29985
UP,Bahraich,2025-06,0,11212,5783,16995
UP,Bahraich,2025-07,0,8258,5470,13728
UP,Bahraich,2025-08,0,12235,6821,19056
UP,Bahraich,2025-09,0,24580,7483,32063
UP,Bahraich,2025-10,0,16421,6572,22993
UP,Bahraich,2025-11,0,16055,7063,23118
UP,Bahraich,2025-12,0,18464,10924,29388
UP,Bahraich,2026-01,0,1961,1434,3395
UP,Ballia,2025-03,0,6998,6738,13736
UP,Ballia,2025-04,0,8651,7594,16245
UP,Ballia,2025-05,0,12420,8867,21287
UP,Ballia,2025-06,0,9665,9325,18990
UP,Ballia,2025-07,0,7619,7910,15529
UP,Ballia,2025-08,0,9067,8690,17757
UP,Ballia,2025-09,0,17734,9509,27243
UP,Ballia,2025-10,0,9797,7478,17275
UP,Ballia,2025-11,0,9271,7714,16985
UP,Ballia,2025-12,0,7359,7891,15250
UP,Ballia,2026-01,0,982,1012,1994
UP,Balrampur,2025-03,0,7275,2914,10189
UP,Balrampur,2025-04,0,8066,3888,11954
UP,Balrampur,2025-05,0,7675,4399,12074
UP,Balrampur,2025-06,0,6202,4832,11034
UP,Balrampur,2025-07,0,4557,4344,8901
UP,Balrampur,2025-08,0,4940,5302,10242
UP,Balrampur,2025-09,0,11024,5514,16538
UP,Balrampur,2025-10,0,9824,6058,15882
UP,Balrampur,2025-11,0,12261,6435,18696
UP,Balrampur,2025-12,0,8532,7547,16079
UP,Balrampur,2026-01,0,774,928,1702
UP,Banda,2025-03,0,10326,7050,17376
UP,Banda,2025-04,0,7405,5062,12467
UP,Banda,2025-05,0,8664,4938,13602
UP,Banda,2025-06,0,5987,4449,10436
UP,Banda,2025-07,0,6376,4134,10510
UP,Banda,2025-08,0,5627,4700,10327
UP,Banda,2025-09,0,9793,4749,14542
UP,Banda,2025-10,0,7069,4919,11988
UP,Banda,2025-11,0,7282,5749,13031
UP,Banda,2025-12,0,5882,5974,11856
UP,Banda,2026-01,0,509,507,1016
UP,Bara Banki,2025-03,0,15110,6431,21541
UP,Bara Banki,2025-04,0,14378,5849,20227
UP,Bara Banki,2025-05,0,14053,7496,21549
UP,Bara Banki,2025-06,0,13480,8278,21758
UP,Bara Banki,2025-07,0,10111,8016,18127
UP,Bara Banki,2025-08,0,10607,9606,20213
UP,Bara Banki,2025-09,0,21054,8672,29726
UP,Bara Banki,2025-10,0,12818,6974,19792
UP,Bara Banki,2025-11,0,12881,8083,20964
UP,Bara Banki,2025-12,0,12763,9302,22065
UP,Bara Banki,2026-01,0,1265,1167,2432
UP,Barabanki,2025-03,0,35,89,124
UP,Barabanki,2025-04,0,58,139,197
UP,Barabanki,2025-05,0,70,568,638
UP,Barabanki,2025-06,0,104,1000,1104
UP,Barabanki,2025-07,0,97,1069,1166
UP,Barabanki,2025-08,0,107,1077,1184
UP,Barabanki,2025-09,0,204,1013,1217
UP,Barabanki,2025-10,0,117,763,880
UP,Barabanki,2025-11,0,136,1076,1212
UP,Barabanki,2025-12,0,120,888,1008
UP,Barabanki,2026-01,0,6,126,132
UP,Bareilly,2025-03,0,29417,9578,38995
UP,Bareilly,2025-04,0,28592,10364,38956
UP,Bareilly,2025-05,0,28540,10285,38825
UP,Bareilly,2025-06,0,21571,10351,31922
UP,Bareilly,2025-07,0,16322,8609,24931
UP,Bareilly,2025-08,0,15777,12027,27804
UP,Bareilly,2025-09,0,25015,10503,35518
UP,Bareilly,2025-10,0,14914,9379,24293
UP,Bareilly,2025-11,0,18744,13885,32629
UP,Bareilly,2025-12,0,13845,13026,26871
UP,Bareilly,2026-01,0,1445,1296,2741
UP,Basti,2025-03,0,7478,5197,12675
UP,Basti,2025-04,0,8579,4144,12723
UP,Basti,2025-05,0,11640,6591,18231
UP,Basti,2025-06,0,6481,5560,12041
UP,Basti,2025-07,0,6793,5214,12007
UP,Basti,2025-08,0,8552,6361,14913
UP,Basti,2025-09,0,12847,6003,18850
UP,Basti,2025-10,0,8700,5973,14673
UP,Basti,2025-11,0,8017,6407,14424
UP,Basti,2025-12,0,8662,7859,16521
UP,Basti,2026-01,0,887,881,1768
UP,Bhadohi,2025-03,0,406,399,805
UP,Bhadohi,2025-04,0,477,363,840
UP,Bhadohi,2025-05,0,764,881,1645
UP,Bhadohi,2025-06,0,550,1580,2130
UP,Bhadohi,2025-07,0,412,1185,1597
UP,Bhadohi,2025-08,0,490,686,1176
UP,Bhadohi,2025-09,0,847,622,1469
UP,Bhadohi,2025-10,0,553,673,1226
UP,Bhadohi,2025-11,0,442,671,1113
UP,Bhadohi,2025-12,0,410,607,1017
UP,Bhadohi,2026-01,0,47,37,84
UP,Bijnor,2025-03,0,15514,6774,22288
UP,Bijnor,2025-04,0,21952,10112,32064
UP,Bijnor,2025-05,0,18721,10032,28753
UP,Bijnor,2025-06,0,25475,10379,35854
UP,Bijnor,2025-07,0,13642,10081,23723
UP,Bijnor,2025-08,0,9822,10389,20211
UP,Bijnor,2025-09,0,21223,11213,32436
UP,Bijnor,2025-10,0,15363,10706,26069
UP,Bijnor,2025-11,0,15965,13640,29605
UP,Bijnor,2025-12,0,14206,12554,26760
UP,Bijnor,2026-01,0,1487,1538,3025
UP,Budaun,2025-03,0,8822,3271,12093
UP,Budaun,2025-04,0,9419,3839,13258
UP,Budaun,2025-05,0,11684,5510,17194
UP,Budaun,2025-06,0,7292,5445,12737
UP,Budaun,2025-07,0,8466,5514,13980
UP,Budaun,2025-08,0,8819,7233,16052
UP,Budaun,2025-09,0,12877,5478,18355
UP,Budaun,2025-10,0,8524,5634,14158
UP,Budaun,2025-11,0,9509,6337,15846
UP,Budaun,2025-12,0,9997,7910,17907
UP,Budaun,2026-01,0,1130,868,1998
UP,Bulandshahar,2025-05,0,5,51,56
UP,Bulandshahar,2025-06,0,17,183,200
UP,Bulandshahar,2025-07,0,17,248,265
UP,Bulandshahar,2025-08,0,19,233,252
UP,Bulandshahar,2025-09,0,40,182,222
UP,Bulandshahar,2025-10,0,27,142,169
UP,Bulandshahar,2025-11,0,16,168,184
UP,Bulandshahar,2025-12,0,23,186,209
UP,Bulandshahar,2026-01,0,3,11,14
UP,Bulandshahr,2025-03,0,16329,4905,21234
UP,Bulandshahr,2025-04,0,17608,4689,22297
UP,Bulandshahr,2025-05,0,26306,8354,34660
UP,Bulandshahr,2025-06,0,17196,9254,26450
UP,Bulandshahr,2025-07,0,11939,7566,19505
UP,Bulandshahr,2025-08,0,9085,8775,17860
UP,Bulandshahr,2025-09,0,18052,7922,25974
UP,Bulandshahr,2025-10,0,13372,7906,21278
UP,Bulandshahr,2025-11,0,16976,8168,25144
UP,Bulandshahr,2025-12,0,12925,8723,21648
UP,Bulandshahr,2026-01,0,1061,937,1998
UP,Chandauli,2025-03,0,11393,4531,15924
UP,Chandauli,2025-04,0,11110,3743,14853
UP,Chandauli,2025-05,0,8260,4788,13048
UP,Chandauli,2025-06,0,6639,4765,11404
UP,Chandauli,2025-07,0,6357,4779,11136
UP,Chandauli,2025-08,0,5382,4851,10233
UP,Chandauli,2025-09,0,12740,5825,18565
UP,Chandauli,2025-10,0,6142,4929,11071
UP,Chandauli,2025-11,0,7043,5190,12233
UP,Chandauli,2025-12,0,4355,4996,9351
UP,Chandauli,2026-01,0,524,675,1199
UP,Chandauli *,2025-12,0,0,1,1
UP,Chitrakoot,2025-03,0,5905,2481,8386
UP,Chitrakoot,2025-04,0,4938,1942,6880
UP,Chitrakoot,2025-05,0,4842,2131,6973
UP,Chitrakoot,2025-06,0,5013,2920,7933
UP,Chitrakoot,2025-07,0,3732,2433,6165
UP,Chitrakoot,2025-08,0,3127,2465,5592
UP,Chitrakoot,2025-09,0,6748,2946,9694
UP,Chitrakoot,2025-10,0,5059,2790,7849
UP,Chitrakoot,2025-11,0,4924,3283,8207
UP,Chitrakoot,2025-12,0,5269,4134,9403
UP,Chitrakoot,2026-01,0,291,352,643
UP,Chitrakoot *,2025-12,0,0,1,1
UP,Deoria,2025-03,0,9506,7713,17219
UP,Deoria,2025-04,0,11459,7244,18703
UP,Deoria,2025-05,0,11689,8358,20047
UP,Deoria,2025-06,0,7565,8488,16053
UP,Deoria,2025-07,0,7401,8542,15943
UP,Deoria,2025-08,0,7654,9709,17363
UP,Deoria,2025-09,0,15130,10212,25342
UP,Deoria,2025-10,0,8267,8230,16497
UP,Deoria,2025-11,0,9382,8464,17846
UP,Deoria,2025-12,0,8543,9711,18254
UP,Deoria,2026-01,0,1080,1195,2275
UP,Etah,2025-03,0,5925,1887,7812
UP,Etah,2025-04,0,19619,3756,23375
UP,Etah,2025-05,0,12528,3120,15648
UP,Etah,2025-06,0,6116,4100,10216
UP,Etah,2025-07,0,4489,4002,8491
UP,Etah,2025-08,0,4574,4617,9191
UP,Etah,2025-09,0,8364,4277,12641
UP,Etah,2025-10,0,3976,3653,7629
UP,Etah,2025-11,0,6329,3402,9731
UP,Etah,2025-12,0,4287,3885,8172
UP,Etah,2026-01,0,534,426,960
UP,Etawah,2025-03,0,6653,3198,9851
UP,Etawah,2025-04,0,6366,2813,9179
UP,Etawah,2025-05,0,7332,3951,11283
UP,Etawah,2025-06,0,5277,4083,9360
UP,Etawah,2025-07,0,4582,3871,8453
UP,Etawah,2025-08,0,5493,4961,10454
UP,Etawah,2025-09,0,10171,4741,14912
UP,Etawah,2025-10,0,5686,3739,9425
UP,Etawah,2025-11,0,5495,4370,9865
UP,Etawah,2025-12,0,4675,4810,9485
UP,Etawah,2026-01,0,407,464,871
UP,Faizabad,2025-03,0,6566,2770,9336
UP,Faizabad,2025-04,0,10077,3782,13859
UP,Faizabad,2025-05,0,10340,4074,14414
UP,Faizabad,2025-06,0,8401,5469,13870
UP,Faizabad,2025-07,0,6642,4177,10819
UP,Faizabad,2025-08,0,7740,5574,13314
UP,Faizabad,2025-09,0,11764,5138,16902
UP,Faizabad,2025-10,0,8544,5189,13733
UP,Faizabad,2025-11,0,6539,5245,11784
UP,Faizabad,2025-12,0,6327,5382,11709
UP,Faizabad,2026-01,0,607,536,1143
UP,Farrukhabad,2025-03,0,4660,1415,6075
UP,Farrukhabad,2025-04,0,9435,2726,12161
UP,Farrukhabad,2025-05,0,9979,3746,13725
UP,Farrukhabad,2025-06,0,5887,4090,9977
UP,Farrukhabad,2025-07,0,5322,3863,9185
UP,Farrukhabad,2025-08,0,4324,4194,8518
UP,Farrukhabad,2025-09,0,9824,3752,13576
UP,Farrukhabad,2025-10,0,6114,3439,9553
UP,Farrukhabad,2025-11,0,7778,4931,12709
UP,Farrukhabad,2025-12,0,8317,6063,14380
UP,Farrukhabad,2026-01,0,996,809,1805
UP,Fatehpur,2025-03,0,7252,6824,14076
UP,Fatehpur,2025-04,0,9999,7956,17955
UP,Fatehpur,2025-05,0,13191,8697,21888
UP,Fatehpur,2025-06,0,10131,7216,17347
UP,Fatehpur,2025-07,0,7442,6210,13652
UP,Fatehpur,2025-08,0,6904,6965,13869
UP,Fatehpur,2025-09,0,11916,6906,18822
UP,Fatehpur,2025-10,0,6514,6191,12705
UP,Fatehpur,2025-11,0,8375,6413,14788
UP,Fatehpur,2025-12,0,7044,8160,15204
UP,Fatehpur,2026-01,0,793,966,1759
UP,Firozabad,2025-03,0,7805,2897,10702
UP,Firozabad,2025-04,0,15930,3682,19612
UP,Firozabad,2025-05,0,12270,4447,16717
UP,Firozabad,2025-06,0,7958,5263,13221
UP,Firozabad,2025-07,0,6624,5446,12070
UP,Firozabad,2025-08,0,6576,6060,12636
UP,Firozabad,2025-09,0,11186,4999,16185
UP,Firozabad,2025-10,0,9898,4912,14810
UP,Firozabad,2025-11,0,9444,6677,16121
UP,Firozabad,2025-12,0,7582,6452,14034
UP,Firozabad,2026-01,0,607,570,1177
UP,Gautam Buddha Nagar,2025-03,0,7706,4975,12681
UP,Gautam Buddha Nagar,2025-04,0,9048,7372,16420
UP,Gautam Buddha Nagar,2025-05,0,8093,8237,16330
UP,Gautam Buddha Nagar,2025-06,0,5748,7455,13203
UP,Gautam Buddha Nagar,2025-07,0,4246,6269,10515
UP,Gautam Buddha Nagar,2025-08,0,4918,6996,11914
UP,Gautam Buddha Nagar,2025-09,0,7347,6697,14044
UP,Gautam Buddha Nagar,2025-10,0,4846,6251,11097
UP,Gautam Buddha Nagar,2025-11,0,5787,6398,12185
UP,Gautam Buddha Nagar,2025-12,0,5079,5531,10610
UP,Gautam Buddha Nagar,2026-01,0,902,702,1604
UP,Gautam Buddha Nagar *,2025-07,0,2,0,2
UP,Gautam Buddha Nagar *,2025-08,0,0,1,1
UP,Gautam Buddha Nagar *,2025-10,0,0,2,2
UP,Ghaziabad,2025-03,0,14791,10447,25238
UP,Ghaziabad,2025-04,0,15743,10785,26528
UP,Ghaziabad,2025-05,0,17812,17033,34845
UP,Ghaziabad,2025-06,0,12435,14706,27141
UP,Ghaziabad,2025-07,0,8542,12238,20780
UP,Ghaziabad,2025-08,0,8444,14148,22592
UP,Ghaziabad,2025-09,0,14040,14250,28290
UP,Ghaziabad,2025-10,0,9225,11001,20226
UP,Ghaziabad,2025-11,0,13701,16119,29820
UP,Ghaziabad,2025-12,0,7822,9918,17740
UP,Ghaziabad,2026-01,0,1146,1328,2474
UP,Ghazipur,2025-03,0,11194,7102,18296
UP,Ghazipur,2025-04,0,13902,5971,19873
UP,Ghazipur,2025-05,0,12809,8390,21199
UP,Ghazipur,2025-06,0,8845,8540,17385
UP,Ghazipur,2025-07,0,8639,8117,16756
UP,Ghazipur,2025-08,0,10991,9905,20896
UP,Ghazipur,2025-09,0,18268,9668,27936
UP,Ghazipur,2025-10,0,10710,8635,19345
UP,Ghazipur,2025-11,0,9451,7767,17218
UP,Ghazipur,2025-12,0,8378,9288,17666
UP,Ghazipur,2026-01,0,799,897,1696
UP,Gonda,2025-03,0,16652,6219,22871
UP,Gonda,2025-04,0,15354,6891,22245
UP,Gonda,2025-05,0,13371,8474,21845
UP,Gonda,2025-06,0,9150,6501,15651
UP,Gonda,2025-07,0,8668,6540,15208
UP,Gonda,2025-08,0,8772,8389,17161
UP,Gonda,2025-09,0,15245,8160,23405
UP,Gonda,2025-10,0,12026,8016,20042
UP,Gonda,2025-11,0,12742,8706,21448
UP,Gonda,2025-12,0,11007,8708,19715
UP,Gonda,2026-01,0,1320,1423,2743
UP,Gorakhpur,2025-03,0,10397,14640,25037
UP,Gorakhpur,2025-04,0,8667,11867,20534
UP,Gorakhpur,2025-05,0,9682,13282,22964
UP,Gorakhpur,2025-06,0,7728,12559,20287
UP,Gorakhpur,2025-07,0,8434,13343,21777
UP,Gorakhpur,2025-08,0,8910,14076,22986
UP,Gorakhpur,2025-09,0,13796,15216,29012
UP,Gorakhpur,2025-10,0,10143,12162,22305
UP,Gorakhpur,2025-11,0,13599,14324,27923
UP,Gorakhpur,2025-12,0,8532,12638,21170
UP,Gorakhpur,2026-01,0,1071,1569,2640
UP,Hamirpur,2025-03,0,4818,2673,7491
UP,Hamirpur,2025-04,0,3824,2658,6482
UP,Hamirpur,2025-05,0,3584,2785,6369
UP,Hamirpur,2025-06,0,4796,2986,7782
UP,Hamirpur,2025-07,0,5098,2734,7832
UP,Hamirpur,2025-08,0,2733,2901,5634
UP,Hamirpur,2025-09,0,7404,2882,10286
UP,Hamirpur,2025-10,0,4521,2115,6636
UP,Hamirpur,2025-11,0,4552,3069,7621
UP,Hamirpur,2025-12,0,3290,3270,6560
UP,Hamirpur,2026-01,0,260,297,557
UP,Hapur,2025-03,0,6434,2149,8583
UP,Hapur,2025-04,0,2248,1102,3350
UP,Hapur,2025-05,0,5138,3016,8154
UP,Hapur,2025-06,0,5104,3232,8336
UP,Hapur,2025-07,0,2879,2301,5180
UP,Hapur,2025-08,0,3408,3064,6472
UP,Hapur,2025-09,0,5938,2832,8770
UP,Hapur,2025-10,0,4004,2512,6516
UP,Hapur,2025-11,0,5549,3037,8586
UP,Hapur,2025-12,0,4618,3543,8161
UP,Hapur,2026-01,0,546,453,999
UP,Hardoi,2025-03,0,21411,6702,28113
UP,Hardoi,2025-04,0,21867,6656,28523
UP,Hardoi,2025-05,0,22430,8046,30476
UP,Hardoi,2025-06,0,11846,6476,18322
UP,Hardoi,2025-07,0,12349,6553,18902
UP,Hardoi,2025-08,0,13294,8948,22242
UP,Hardoi,2025-09,0,28621,8711,37332
UP,Hardoi,2025-10,0,18390,7847,26237
UP,Hardoi,2025-11,0,18809,8755,27564
UP,Hardoi,2025-12,0,14418,10181,24599
UP,Hardoi,2026-01,0,1405,1250,2655
UP,Hathras,2025-03,0,7581,1925,9506
UP,Hathras,2025-04,0,12008,2800,14808
UP,Hathras,2025-05,0,14795,4042,18837
UP,Hathras,2025-06,0,5740,3403,9143
UP,Hathras,2025-07,0,5933,3645,9578
UP,Hathras,2025-08,0,5675,3572,9247
UP,Hathras,2025-09,0,9335,3752,13087
UP,Hathras,2025-10,0,4969,3449,8418
UP,Hathras,2025-11,0,7330,3310,10640
UP,Hathras,2025-12,0,5701,3500,9201
UP,Hathras,2026-01,0,637,439,1076
UP,Jalaun,2025-03,0,8555,4664,13219
UP,Jalaun,2025-04,0,5624,3294,8918
UP,Jalaun,2025-05,0,7084,4812,11896
UP,Jalaun,2025-06,0,5566,4296,9862
UP,Jalaun,2025-07,0,5548,4074,9622
UP,Jalaun,2025-08,0,4834,4525,9359
UP,Jalaun,2025-09,0,7516,4323,11839
UP,Jalaun,2025-10,0,4651,3908,8559
UP,Jalaun,2025-11,0,5029,4399,9428
UP,Jalaun,2025-12,0,4301,4379,8680
UP,Jalaun,2026-01,0,449,459,908
UP,Jaunpur,2025-03,0,9381,7816,17197
UP,Jaunpur,2025-04,0,12727,7860,20587
UP,Jaunpur,2025-05,0,16189,11120,27309
UP,Jaunpur,2025-06,0,10162,10378,20540
UP,Jaunpur,2025-07,0,10618,10309,20927
UP,Jaunpur,2025-08,0,14391,12720,27111
UP,Jaunpur,2025-09,0,23521,12985,36506
UP,Jaunpur,2025-10,0,15128,11860,26988
UP,Jaunpur,2025-11,0,12259,11448,23707
UP,Jaunpur,2025-12,0,12054,12877,24931
UP,Jaunpur,2026-01,0,1170,1473,2643
UP,Jhansi,2025-03,0,5564,3365,8929
UP,Jhansi,2025-04,0,9011,5492,14503
UP,Jhansi,2025-05,0,10330,6903,17233
UP,Jhansi,2025-06,0,6337,5628,11965
UP,Jhansi,2025-07,0,6878,6423,13301
UP,Jhansi,2025-08,0,6620,6926,13546
UP,Jhansi,2025-09,0,10784,6407,17191
UP,Jhansi,2025-10,0,6716,5537,12253
UP,Jhansi,2025-11,0,9698,7702,17400
UP,Jhansi,2025-12,0,7691,8006,15697
UP,Jhansi,2026-01,0,570,630,1200
UP,Jyotiba Phule Nagar,2025-05,0,1,72,73
UP,Jyotiba Phule Nagar,2025-06,0,3,182,185
UP,Jyotiba Phule Nagar,2025-07,0,2,190,192
UP,Jyotiba Phule Nagar,2025-08,0,7,220,227
UP,Jyotiba Phule Nagar,2025-09,0,8,146,154
UP,Jyotiba Phule Nagar,2025-10,0,4,141,145
UP,Jyotiba Phule Nagar,2025-11,0,6,210,216
UP,Jyotiba Phule Nagar,2025-12,0,15,148,163
UP,Jyotiba Phule Nagar,2026-01,0,0,15,15
UP,Jyotiba Phule Nagar *,2025-07,0,0,1,1
UP,Kannauj,2025-03,0,5789,2496,8285
UP,Kannauj,2025-04,0,6131,2584,8715
UP,Kannauj,2025-05,0,8437,2903,11340
UP,Kannauj,2025-06,0,6906,3318,10224
UP,Kannauj,2025-07,0,3988,2625,6613
UP,Kannauj,2025-08,0,4114,3561,7675
UP,Kannauj,2025-09,0,9136,3689,12825
UP,Kannauj,2025-10,0,6342,3539,9881
UP,Kannauj,2025-11,0,6200,3884,10084
UP,Kannauj,2025-12,0,5474,4216,9690
UP,Kannauj,2026-01,0,548,419,967
UP,Kanpur Dehat,2025-03,0,5582,2049,7631
UP,Kanpur Dehat,2025-04,0,7703,2393,10096
UP,Kanpur Dehat,2025-05,0,9171,3379,12550
UP,Kanpur Dehat,2025-06,0,5998,3968,9966
UP,Kanpur Dehat,2025-07,0,5458,3671,9129
UP,Kanpur Dehat,2025-08,0,4533,4114,8647
UP,Kanpur Dehat,2025-09,0,7782,3912,11694
UP,Kanpur Dehat,2025-10,0,5013,3411,8424
UP,Kanpur Dehat,2025-11,0,6162,3627,9789
UP,Kanpur Dehat,2025-12,0,4680,4055,8735
UP,Kanpur Dehat,2026-01,0,457,382,839
UP,Kanpur Nagar,2025-03,0,12167,12284,24451
UP,Kanpur Nagar,2025-04,0,8488,7381,15869
UP,Kanpur Nagar,2025-05,0,14477,18215,32692
UP,Kanpur Nagar,2025-06,0,8467,12829,21296
UP,Kanpur Nagar,2025-07,0,7672,11721,19393
UP,Kanpur Nagar,2025-08,0,15550,13962,29512
UP,Kanpur Nagar,2025-09,0,20558,14604,35162
UP,Kanpur Nagar,2025-10,0,13410,12312,25722
UP,Kanpur Nagar,2025-11,0,10856,14653,25509
UP,Kanpur Nagar,2025-12,0,8665,11416,20081
UP,Kanpur Nagar,2026-01,0,1542,2057,3599
UP,Kasganj,2025-03,0,5536,2264,7800
UP,Kasganj,2025-04,0,7226,2321,9547
UP,Kasganj,2025-05,0,9874,3585,13459
UP,Kasganj,2025-06,0,5005,3524,8529
UP,Kasganj,2025-07,0,5193,3537,8730
UP,Kasganj,2025-08,0,4313,3763,8076
UP,Kasganj,2025-09,0,8667,3755,12422
UP,Kasganj,2025-10,0,4341,2912,7253
UP,Kasganj,2025-11,0,7275,4504,11779
UP,Kasganj,2025-12,0,6522,5529,12051
UP,Kasganj,2026-01,0,798,728,1526
UP,Kaushambi,2025-03,0,7562,2099,9661
UP,Kaushambi,2025-04,0,16931,2847,19778
UP,Kaushambi,2025-05,0,12660,2805,15465
UP,Kaushambi,2025-06,0,7105,2901,10006
UP,Kaushambi,2025-07,0,6136,3220,9356
UP,Kaushambi,2025-08,0,5048,3288,8336
UP,Kaushambi,2025-09,0,11503,4004,15507
UP,Kaushambi,2025-10,0,6167,3786,9953
UP,Kaushambi,2025-11,0,6845,4312,11157
UP,Kaushambi,2025-12,0,6521,5005,11526
UP,Kaushambi,2026-01,0,597,577,1174
UP,Kheri,2025-03,0,22718,8008,30726
UP,Kheri,2025-04,0,15624,6819,22443
UP,Kheri,2025-05,0,15019,7257,22276
UP,Kheri,2025-06,0,10210,6163,16373
UP,Kheri,2025-07,0,16482,6360,22842
UP,Kheri,2025-08,0,10956,8397,19353
UP,Kheri,2025-09,0,22901,8424,31325
UP,Kheri,2025-10,0,16797,7740,24537
UP,Kheri,2025-11,0,20241,9453,29694
UP,Kheri,2025-12,0,16902,9661,26563
UP,Kheri,2026-01,0,1301,948,2249
UP,Kushinagar,2025-03,0,6153,6021,12174
UP,Kushinagar,2025-04,0,10029,8804,18833
UP,Kushinagar,2025-05,0,12161,10823,22984
UP,Kushinagar,2025-06,0,6845,8108,14953
UP,Kushinagar,2025-07,0,9966,9770,19736
UP,Kushinagar,2025-08,0,8229,9826,18055
UP,Kushinagar,2025-09,0,14140,10465,24605
UP,Kushinagar,2025-10,0,7912,9567,17479
UP,Kushinagar,2025-11,0,12271,10285,22556
UP,Kushinagar,2025-12,0,10529,10736,21265
UP,Kushinagar,2026-01,0,951,1172,2123
UP,Kushinagar *,2025-05,0,4,11,15
UP,Kushinagar *,2025-06,0,1,35,36
UP,Kushinagar *,2025-07,0,15,36,51
UP,Kushinagar *,2025-08,0,9,35,44
UP,Kushinagar *,2025-09,0,6,36,42
UP,Kushinagar *,2025-10,0,4,28,32
UP,Kushinagar *,2025-11,0,18,23,41
UP,Kushinagar *,2025-12,0,12,30,42
UP,Kushinagar *,2026-01,0,0,2,2
UP,Lalitpur,2025-03,0,4414,4336,8750
UP,Lalitpur,2025-04,0,3832,2542,6374
UP,Lalitpur,2025-05,0,5031,4220,9251
UP,Lalitpur,2025-06,0,7021,4212,11233
UP,Lalitpur,2025-07,0,6718,4741,11459
UP,Lalitpur,2025-08,0,5554,5416,10970
UP,Lalitpur,2025-09,0,9571,5221,14792
UP,Lalitpur,2025-10,0,4325,3395,7720
UP,Lalitpur,2025-11,0,5257,4633,9890
UP,Lalitpur,2025-12,0,4570,4889,9459
UP,Lalitpur,2026-01,0,374,433,807
UP,Lucknow,2025-03,0,14373,11297,25670
UP,Lucknow,2025-04,0,18373,12868,31241
UP,Lucknow,2025-05,0,17422,16988,34410
UP,Lucknow,2025-06,0,12986,13457,26443
UP,Lucknow,2025-07,0,11682,12455,24137
UP,Lucknow,2025-08,0,9734,13451,23185
UP,Lucknow,2025-09,0,17324,14377,31701
UP,Lucknow,2025-10,0,12517,11871,24388
UP,Lucknow,2025-11,0,14232,14074,28306
UP,Lucknow,2025-12,0,16673,16222,32895
UP,Lucknow,2026-01,0,1926,2084,4010
UP,Maharajganj,2025-03,0,6053,5049,11102
UP,Maharajganj,2025-04,0,7048,6103,13151
UP,Maharajganj,2025-05,0,7754,7169,14923
UP,Maharajganj,2025-06,0,4974,4913,9887
UP,Maharajganj,2025-07,0,6582,5925,12507
UP,Maharajganj,2025-08,0,5834,6295,12129
UP,Maharajganj,2025-09,0,9696,6300,15996
UP,Maharajganj,2025-10,0,6561,6332,12893
UP,Maharajganj,2025-11,0,9104,7246,16350
UP,Maharajganj,2025-12,0,9127,8794,17921
UP,Maharajganj,2026-01,0,688,780,1468
UP,Mahoba,2025-03,0,3783,1818,5601
UP,Mahoba,2025-04,0,3820,1624,5444
UP,Mahoba,2025-05,0,4334,2428,6762
UP,Mahoba,2025-06,0,3336,2209,5545
UP,Mahoba,2025-07,0,3923,2596,6519
UP,Mahoba,2025-08,0,3526,2854,6380
UP,Mahoba,2025-09,0,5531,2386,7917
UP,Mahoba,2025-10,0,2913,1912,4825
UP,Mahoba,2025-11,0,3718,2495,6213
UP,Mahoba,2025-12,0,3858,3195,7053
UP,Mahoba,2026-01,0,298,275,573
UP,Mahoba *,2025-09,0,0,1,1
UP,Mahrajganj,2025-05,0,2,8,10
UP,Mahrajganj,2025-06,0,2,25,27
UP,Mahrajganj,2025-07,0,5,37,42
UP,Mahrajganj,2025-08,0,3,31,34
UP,Mahrajganj,2025-09,0,14,27,41
UP,Mahrajganj,2025-10,0,2,15,17
UP,Mahrajganj,2025-11,0,3,18,21
UP,Mahrajganj,2025-12,0,4,33,37
UP,Mahrajganj,2026-01,0,1,3,4
UP,Mainpuri,2025-03,0,3787,2722,6509
UP,Mainpuri,2025-04,0,2949,1871,4820
UP,Mainpuri,2025-05,0,8935,3464,12399
UP,Mainpuri,2025-06,0,5165,4212,9377
UP,Mainpuri,2025-07,0,4296,3770,8066
UP,Mainpuri,2025-08,0,5473,4954,10427
UP,Mainpuri,2025-09,0,9831,4628,14459
UP,Mainpuri,2025-10,0,4884,3923,8807
UP,Mainpuri,2025-11,0,6428,4099,10527
UP,Mainpuri,2025-12,0,5226,5355,10581
UP,Mainpuri,2026-01,0,589,586,1175
UP,Mathura,2025-03,0,9306,3713,13019
UP,Mathura,2025-04,0,6393,2748,9141
UP,Mathura,2025-05,0,14136,7504,21640
UP,Mathura,2025-06,0,9376,6862,16238
UP,Mathura,2025-07,0,7130,5970,13100
UP,Mathura,2025-08,0,6461,6902,13363
UP,Mathura,2025-09,0,12958,6575,19533
UP,Mathura,2025-10,0,8545,5790,14335
UP,Mathura,2025-11,0,9014,6113,15127
UP,Mathura,2025-12,0,8497,6906,15403
UP,Mathura,2026-01,0,846,731,1577
UP,Mau,2025-03,0,9256,5639,14895
UP,Mau,2025-04,0,5906,3736,9642
UP,Mau,2025-05,0,5970,5855,11825
UP,Mau,2025-06,0,4265,5676,9941
UP,Mau,2025-07,0,4088,5710,9798
UP,Mau,2025-08,0,5146,6453,11599
UP,Mau,2025-09,0,8224,6957,15181
UP,Mau,2025-10,0,5367,6543,11910
UP,Mau,2025-11,0,4860,6748,11608
UP,Mau,2025-12,0,4699,6983,11682
UP,Mau,2026-01,0,609,766,1375
UP,Meerut,2025-03,0,15162,6128,21290
UP,Meerut,2025-04,0,17635,8511,26146
UP,Meerut,2025-05,0,12162,8680,20842
UP,Meerut,2025-06,0,11483,9772,21255
UP,Meerut,2025-07,0,8090,7530,15620
UP,Meerut,2025-08,0,9415,10301,19716
UP,Meerut,2025-09,0,15626,10692,26318
UP,Meerut,2025-10,0,11704,9770,21474
UP,Meerut,2025-11,0,14703,12777,27480
UP,Meerut,2025-12,0,10066,10048,20114
UP,Meerut,2026-01,0,967,1091,2058
UP,Mirzapur,2025-03,0,4207,1864,6071
UP,Mirzapur,2025-04,0,8764,2834,11598
UP,Mirzapur,2025-05,0,13572,6261,19833
UP,Mirzapur,2025-06,0,7337,4867,12204
UP,Mirzapur,2025-07,0,6908,4599,11507
UP,Mirzapur,2025-08,0,6834,5373,12207
UP,Mirzapur,2025-09,0,13185,6308,19493
UP,Mirzapur,2025-10,0,9006,5633,14639
UP,Mirzapur,2025-11,0,7212,5406,12618
UP,Mirzapur,2025-12,0,7796,5795,13591
UP,Mirzapur,2026-01,0,712,585,1297
UP,Moradabad,2025-03,0,11404,5462,16866
UP,Moradabad,2025-04,0,6880,2262,9142
UP,Moradabad,2025-05,0,13487,8728,22215
UP,Moradabad,2025-06,0,7607,8225,15832
UP,Moradabad,2025-07,0,8592,9166,17758
UP,Moradabad,2025-08,0,7523,7985,15508
UP,Moradabad,2025-09,0,12896,9283,22179
UP,Moradabad,2025-10,0,11117,7802,18919
UP,Moradabad,2025-11,0,18235,11245,29480
UP,Moradabad,2025-12,0,9549,9354,18903
UP,Moradabad,2026-01,0,1414,1485,2899
UP,Muzaffarnagar,2025-03,0,19153,6551,25704
UP,Muzaffarnagar,2025-04,0,18530,7119,25649
UP,Muzaffarnagar,2025-05,0,15858,7962,23820
UP,Muzaffarnagar,2025-06,0,13888,8224,22112
UP,Muzaffarnagar,2025-07,0,13109,8683,21792
UP,Muzaffarnagar,2025-08,0,8396,8765,17161
UP,Muzaffarnagar,2025-09,0,15377,7787,23164
UP,Muzaffarnagar,2025-10,0,12145,8339,20484
UP,Muzaffarnagar,2025-11,0,10583,10063,20646
UP,Muzaffarnagar,2025-12,0,8713,9726,18439
UP,Muzaffarnagar,2026-01,0,1003,1111,2114
UP,Pilibhit,2025-03,0,9657,4934,14591
UP,Pilibhit,2025-04,0,16759,7376,24135
UP,Pilibhit,2025-05,0,14067,5364,19431
UP,Pilibhit,2025-06,0,8917,4240,13157
UP,Pilibhit,2025-07,0,7177,4553,11730
UP,Pilibhit,2025-08,0,7472,6611,14083
UP,Pilibhit,2025-09,0,17986,6257,24243
UP,Pilibhit,2025-10,0,10177,5458,15635
UP,Pilibhit,2025-11,0,9553,6393,15946
UP,Pilibhit,2025-12,0,8652,7274,15926
UP,Pilibhit,2026-01,0,768,920,1688
UP,Pratapgarh,2025-03,0,7936,8506,16442
UP,Pratapgarh,2025-04,0,9924,5408,15332
UP,Pratapgarh,2025-05,0,11205,7396,18601
UP,Pratapgarh,2025-06,0,7921,7301,15222
UP,Pratapgarh,2025-07,0,6667,6586,13253
UP,Pratapgarh,2025-08,0,8628,8285,16913
UP,Pratapgarh,2025-09,0,17993,8486,26479
UP,Pratapgarh,2025-10,0,10893,8034,18927
UP,Pratapgarh,2025-11,0,7312,6504,13816
UP,Pratapgarh,2025-12,0,6917,8320,15237
UP,Pratapgarh,2026-01,0,776,950,1726
UP,Prayagraj,2025-03,0,1021,1260,2281
UP,Prayagraj,2025-04,0,1311,1382,2693
UP,Prayagraj,2025-05,0,1735,2135,3870
UP,Prayagraj,2025-06,0,1524,2908,4432
UP,Prayagraj,2025-07,0,1312,3016,4328
UP,Prayagraj,2025-08,0,1262,2219,3481
UP,Prayagraj,2025-09,0,1782,1987,3769
UP,Prayagraj,2025-10,0,1395,1986,3381
UP,Prayagraj,2025-11,0,1393,1759,3152
UP,Prayagraj,2025-12,0,1435,2150,3585
UP,Prayagraj,2026-01,0,120,113,233
UP,Rae Bareli,2025-03,0,11534,5362,16896
UP,Rae Bareli,2025-04,0,10689,4688,15377
UP,Rae Bareli,2025-05,0,12077,6760,18837
UP,Rae Bareli,2025-06,0,7463,6864,14327
UP,Rae Bareli,2025-07,0,6284,6279,12563
UP,Rae Bareli,2025-08,0,7689,7401,15090
UP,Rae Bareli,2025-09,0,16199,7185,23384
UP,Rae Bareli,2025-10,0,10994,7031,18025
UP,Rae Bareli,2025-11,0,7749,6289,14038
UP,Rae Bareli,2025-12,0,8215,8101,16316
UP,Rae Bareli,2026-01,0,696,785,1481
UP,Raebareli,2025-05,0,0,4,4
UP,Raebareli,2025-06,0,0,2,2
UP,Raebareli,2025-07,0,2,13,15
UP,Raebareli,2025-08,0,1,12,13
UP,Raebareli,2025-09,0,1,5,6
UP,Raebareli,2025-10,0,0,9,9
UP,Raebareli,2025-11,0,4,3,7
UP,Raebareli,2025-12,0,0,8,8
UP,Rampur,2025-03,0,16637,5201,21838
UP,Rampur,2025-04,0,19775,6210,25985
UP,Rampur,2025-05,0,13983,6011,19994
UP,Rampur,2025-06,0,6769,5370,12139
UP,Rampur,2025-07,0,5595,4787,10382
UP,Rampur,2025-08,0,7013,5883,12896
UP,Rampur,2025-09,0,14000,6592,20592
UP,Rampur,2025-10,0,8797,5728,14525
UP,Rampur,2025-11,0,8393,7686,16079
UP,Rampur,2025-12,0,8129,8395,16524
UP,Rampur,2026-01,0,779,838,1617
UP,Saharanpur,2025-03,0,22077,13314,35391
UP,Saharanpur,2025-04,0,14683,9908,24591
UP,Saharanpur,2025-05,0,15864,11286,27150
UP,Saharanpur,2025-06,0,10045,9007,19052
UP,Saharanpur,2025-07,0,11373,9430,20803
UP,Saharanpur,2025-08,0,13565,11942,25507
UP,Saharanpur,2025-09,0,21527,10974,32501
UP,Saharanpur,2025-10,0,14177,10613,24790
UP,Saharanpur,2025-11,0,13213,12647,25860
UP,Saharanpur,2025-12,0,14137,14281,28418
UP,Saharanpur,2026-01,0,1690,2053,3743
UP,Sambhal,2025-03,0,9004,2391,11395
UP,Sambhal,2025-04,0,13452,2724,16176
UP,Sambhal,2025-05,0,9452,2828,12280
UP,Sambhal,2025-06,0,6686,3657,10343
UP,Sambhal,2025-07,0,7435,3723,11158
UP,Sambhal,2025-08,0,7728,5276,13004
UP,Sambhal,2025-09,0,12977,4867,17844
UP,Sambhal,2025-10,0,7763,4292,12055
UP,Sambhal,2025-11,0,8764,4359,13123
UP,Sambhal,2025-12,0,11194,6076,17270
UP,Sambhal,2026-01,0,1385,792,2177
UP,Sant Kabir Nagar,2025-03,0,5430,5266,10696
UP,Sant Kabir Nagar,2025-04,0,9453,5002,14455
UP,Sant Kabir Nagar,2025-05,0,7580,5992,13572
UP,Sant Kabir Nagar,2025-06,0,3946,4128,8074
UP,Sant Kabir Nagar,2025-07,0,4455,4192,8647
UP,Sant Kabir Nagar,2025-08,0,5200,4897,10097
UP,Sant Kabir Nagar,2025-09,0,10646,5136,15782
UP,Sant Kabir Nagar,2025-10,0,8163,4915,13078
UP,Sant Kabir Nagar,2025-11,0,7391,5447,12838
UP,Sant Kabir Nagar,2025-12,0,7382,7262,14644
UP,Sant Kabir Nagar,2026-01,0,583,835,1418
UP,Sant Kabir Nagar *,2025-08,0,0,2,2
UP,Sant Ravidas Nagar,2025-03,0,5158,2843,8001
UP,Sant Ravidas Nagar,2025-04,0,6629,2687,9316
UP,Sant Ravidas Nagar,2025-05,0,4072,1869,5941
UP,Sant Ravidas Nagar,2025-06,0,4816,3253,8069
UP,Sant Ravidas Nagar,2025-07,0,3683,2976,6659
UP,Sant Ravidas Nagar,2025-08,0,4541,3466,8007
UP,Sant Ravidas Nagar,2025-09,0,11004,3889,14893
UP,Sant Ravidas Nagar,2025-10,0,6067,3771,9838
UP,Sant Ravidas Nagar,2025-11,0,4179,3980,8159
UP,Sant Ravidas Nagar,2025-12,0,4100,4520,8620
UP,Sant Ravidas Nagar,2026-01,0,307,375,682
UP,Sant Ravidas Nagar Bhadohi,2025-05,0,3,25,28
UP,Sant Ravidas Nagar Bhadohi,2025-06,0,21,85,106
UP,Sant Ravidas Nagar Bhadohi,2025-07,0,17,90,107
UP,Sant Ravidas Nagar Bhadohi,2025-08,0,18,106,124
UP,Sant Ravidas Nagar Bhadohi,2025-09,0,43,89,132
UP,Sant Ravidas Nagar Bhadohi,2025-10,0,14,79,93
UP,Sant Ravidas Nagar Bhadohi,2025-11,0,15,71,86
UP,Sant Ravidas Nagar Bhadohi,2025-12,0,26,82,108
UP,Sant Ravidas Nagar Bhadohi,2026-01,0,1,1,2
UP,Shahjahanpur,2025-03,0,9004,2318,11322
UP,Shahjahanpur,2025-04,0,10232,4225,14457
UP,Shahjahanpur,2025-05,0,13119,4438,17557
UP,Shahjahanpur,2025-06,0,10382,4985,15367
UP,Shahjahanpur,2025-07,0,10583,5582,16165
UP,Shahjahanpur,2025-08,0,11517,6784,18301
UP,Shahjahanpur,2025-09,0,21507,6737,28244
UP,Shahjahanpur,2025-10,0,14604,6140,20744
UP,Shahjahanpur,2025-11,0,12682,6727,19409
UP,Shahjahanpur,2025-12,0,10324,7469,17793
UP,Shahjahanpur,2026-01,0,920,687,1607
UP,Shamli,2025-03,0,9976,3316,13292
UP,Shamli,2025-04,0,12127,4369,16496
UP,Shamli,2025-05,0,9082,5194,14276
UP,Shamli,2025-06,0,4950,5009,9959
UP,Shamli,2025-07,0,4540,4577,9117
UP,Shamli,2025-08,0,3679,5204,8883
UP,Shamli,2025-09,0,10055,5439,15494
UP,Shamli,2025-10,0,8449,5488,13937
UP,Shamli,2025-11,0,8327,7475,15802
UP,Shamli,2025-12,0,5420,7638,13058
UP,Shamli,2026-01,0,531,980,1511
UP,Shrawasti,2025-03,0,4354,2686,7040
UP,Shrawasti,2025-04,0,4584,2401,6985
UP,Shrawasti,2025-05,0,7233,3630,10863
UP,Shrawasti,2025-06,0,3625,2984,6609
UP,Shrawasti,2025-07,0,3374,2508,5882
UP,Shrawasti,2025-08,0,3921,3155,7076
UP,Shrawasti,2025-09,0,5202,2984,8186
UP,Shrawasti,2025-10,0,4084,3094,7178
UP,Shrawasti,2025-11,0,4583,3523,8106
UP,Shrawasti,2025-12,0,3153,4200,7353
UP,Shrawasti,2026-01,0,250,400,650
UP,Siddharthnagar,2025-03,0,10504,5087,15591
UP,Siddharthnagar,2025-04,0,11587,5774,17361
UP,Siddharthnagar,2025-05,0,6231,4674,10905
UP,Siddharthnagar,2025-06,0,5196,7031,12227
UP,Siddharthnagar,2025-07,0,5325,5562,10887
UP,Siddharthnagar,2025-08,0,4363,6109,10472
UP,Siddharthnagar,2025-09,0,10388,5996,16384
UP,Siddharthnagar,2025-10,0,8019,6227,14246
UP,Siddharthnagar,2025-11,0,10623,7397,18020
UP,Siddharthnagar,2025-12,0,9551,9446,18997
UP,Siddharthnagar,2026-01,0,1109,1229,2338
UP,Sitapur,2025-03,0,31042,9702,40744
UP,Sitapur,2025-04,0,35920,9954,45874
UP,Sitapur,2025-05,0,38040,10989,49029
UP,Sitapur,2025-06,0,22702,9763,32465
UP,Sitapur,2025-07,0,17276,7969,25245
UP,Sitapur,2025-08,0,13803,10460,24263
UP,Sitapur,2025-09,0,30521,9392,39913
UP,Sitapur,2025-10,0,18625,8561,27186
UP,Sitapur,2025-11,0,20351,9501,29852
UP,Sitapur,2025-12,0,16943,12382,29325
UP,Sitapur,2026-01,0,1550,1314,2864
UP,Sonbhadra,2025-03,0,10014,4738,14752
UP,Sonbhadra,2025-04,0,10467,4224,14691
UP,Sonbhadra,2025-05,0,9461,5043,14504
UP,Sonbhadra,2025-06,0,9164,5339,14503
UP,Sonbhadra,2025-07,0,7455,4202,11657
UP,Sonbhadra,2025-08,0,5729,4731,10460
UP,Sonbhadra,2025-09,0,12135,5458,17593
UP,Sonbhadra,2025-10,0,5704,4477,10181
UP,Sonbhadra,2025-11,0,6138,4478,10616
UP,Sonbhadra,2025-12,0,6079,4521,10600
UP,Sonbhadra,2026-01,0,418,337,755
UP,Sultanpur,2025-03,0,5502,3893,9395
UP,Sultanpur,2025-04,0,7656,5180,12836
UP,Sultanpur,2025-05,0,6142,5288,11430
UP,Sultanpur,2025-06,0,4507,5138,9645
UP,Sultanpur,2025-07,0,6383,5397,11780
UP,Sultanpur,2025-08,0,7144,6060,13204
UP,Sultanpur,2025-09,0,12923,6263,19186
UP,Sultanpur,2025-10,0,8410,6196,14606
UP,Sultanpur,2025-11,0,9160,5228,14388
UP,Sultanpur,2025-12,0,6304,6412,12716
UP,Sultanpur,2026-01,0,828,773,1601
UP,Unnao,2025-03,0,11540,5276,16816
UP,Unnao,2025-04,0,10448,4874,15322
UP,Unnao,2025-05,0,11705,7634,19339
UP,Unnao,2025-06,0,10029,8392,18421
UP,Unnao,2025-07,0,7953,7405,15358
UP,Unnao,2025-08,0,9516,8721,18237
UP,Unnao,2025-09,0,15341,8561,23902
UP,Unnao,2025-10,0,9288,6578,15866
UP,Unnao,2025-11,0,9312,7106,16418
UP,Unnao,2025-12,0,8929,9170,18099
UP,Unnao,2026-01,0,789,887,1676
UP,Varanasi,2025-03,0,10448,8733,19181
UP,Varanasi,2025-04,0,11940,7085,19025
UP,Varanasi,2025-05,0,17464,12615,30079
UP,Varanasi,2025-06,0,10361,11388,21749
UP,Varanasi,2025-07,0,9167,10486,19653
UP,Varanasi,2025-08,0,9575,11444,21019
UP,Varanasi,2025-09,0,18020,12568,30588
UP,Varanasi,2025-10,0,11545,11222,22767
UP,Varanasi,2025-11,0,12101,12820,24921
UP,Varanasi,2025-12,0,10273,13673,23946
UP,Varanasi,2026-01,0,1372,1809,3181
